"metabolite_id","metabolite_name"
"M_10fthf_c","10-formyl-tetrahydrofolate"
"M_12ppd__R_c","(R)-propane-1,2-diol"
"M_12ppd__S_c","(S)-propane-1,2-diol"
"M_13dampp_c","1,3-diaminopropane"
"M_13dpg_c","3-Phospho-D-glyceroyl phosphate"
"M_15kprostge1_c","15-oxo-prostaglandin E1"
"M_15kprostge2_c","15-oxo-prostaglandin E2"
"M_15kprostge3_c","15-oxo-prostaglandin E3"
"M_15kprostgf1_c","15-oxo-prostaglandin F1alpha"
"M_15kprostgf2_c","15-oxo-prostaglandin F2alpha"
"M_15kprostgf3_c","15-oxo-prostaglandin F3alpha"
"M_15ppins4p_c","1,5-bis(diphospho)-1D-myo-inositol 2,3,4,6-tetrakisphosphate"
"M_1acadprib_c","1''-O-acetyl-ADP-D-ribose"
"M_1p3h5c__L_c","L-1-pyrroline-3-hydroxy-5-carboxylate"
"M_1p3h5c__L_e","L-1-pyrroline-3-hydroxy-5-carboxylate"
"M_1ppins5p_c","1-diphospho-1D-myo-inositol 2,3,4,5,6-pentakisphosphate"
"M_1pyr5c__L_c","L-1-pyrroline-5-carboxylate"
"M_1pyr5c__L_e","L-1-pyrroline-5-carboxylate"
"M_1sgth2hoxe1_c","2-hydroxyestrone-1-S-glutathione"
"M_1sgth2hoxe1_e","2-hydroxyestrone-1-S-glutathione"
"M_1sgth2hoxe2_c","2-hydroxy-17beta-estradiol-1-S-glutathione"
"M_1sgth2hoxe2_e","2-hydroxy-17beta-estradiol-1-S-glutathione"
"M_20bdhcrtsl_c","20beta-dihydrocortisol"
"M_20bdhcrtstrn_c","20beta-dihydrocorticosterone"
"M_23camp_c","2,3-Cyclic-AMP"
"M_23ccmp_c","2,3-Cyclic-CMP"
"M_23cgamp_c","2,3-Cyclic-GMP-AMP"
"M_23cgamp_e","2,3-Cyclic-GMP-AMP"
"M_23cgmp_c","2,3-Cyclic-GMP"
"M_23cump_c","2,3-Cyclic-UMP"
"M_23doguln_c","2,3-diketo-L-gulonate"
"M_23dpg_c","2,3-bisphospho-D-glycerate"
"M_2abut_c","(S)-2-Aminobutanoate"
"M_2abut_e","(S)-2-Aminobutanoate"
"M_2abuten_c","2-aminobut-2-enoate"
"M_2abutgly_c","N-(2-aminobutanoyl)glycine"
"M_2acadprib_c","2''-O-acetyl-ADP-D-ribose"
"M_2amac_c","2-aminoprop-2-enoic acid"
"M_2amp_c","Adenosine 2'-monophosphate"
"M_2cmp_c","Cytidine 2'-monophosphate"
"M_2dadn_c","2-deoxyadenosine"
"M_2dadn_e","2-deoxyadenosine"
"M_2dcytd_c","2-deoxycytidine"
"M_2dcytd_e","2-deoxycytidine"
"M_2ddglcn_c","2-Dehydro-3-deoxy-D-gluconate "
"M_2dgsn_c","2-deoxyguanosine"
"M_2dgsn_e","2-deoxyguanosine"
"M_2dins_c","2-deoxyinosine"
"M_2dins_e","2-deoxyinosine"
"M_2dr1p_c","2-deoxy-D-ribose-1-phosphate"
"M_2dr5p_c","2-deoxy-D-ribose-5-phosphate"
"M_2duri_c","2-deoxyuridine"
"M_2duri_e","2-deoxyuridine"
"M_2gmp_c","Guanosine 2'-monophosphate"
"M_2h34hppr_c","2-hydroxy-3-(4-hydroxyphenyl)propenoate"
"M_2h3mv_c","2-Hydroxy-3-Methyl-Valerate"
"M_2h3ppr_c","2-hydroxy-3-phenylpropenoate"
"M_2hb_c","2-hydroxybutyrate"
"M_2hb_e","2-hydroxybutyrate"
"M_2hglut__L_c","L-2-hydroxyglutarate"
"M_2hiv_c","2-Hydroxy-Isovalerate"
"M_2hox3mtoxe1_c","2-hydroxy-3-methoxyestrone"
"M_2hox3mtoxe1_e","2-hydroxy-3-methoxyestrone"
"M_2hox3mtoxe2_c","2-hydroxy-3-methoxy-17beta-estradiol"
"M_2hox3mtoxe2_e","2-hydroxy-3-methoxy-17beta-estradiol"
"M_2hoxe1_c","2-hydroxyestrone"
"M_2hoxe2_c","2-hydroxy-17beta-estradiol"
"M_2ibut_c","2-iminobutanoate"
"M_2imppa_c","2-Iminopropanoate"
"M_2kmb_c","2-keto-4-methylthiobutyrate"
"M_2mop_c","2-methyl-3-oxopropanoate"
"M_2mtoxe1_c","2-methoxyestrone"
"M_2mtoxe1_e","2-methoxyestrone"
"M_2mtoxe2_c","2-methoxy-17beta-estradiol"
"M_2mtoxe2_e","2-methoxy-17beta-estradiol"
"M_2obut_c","2-oxobutanoate"
"M_2obut_e","2-oxobutyrate"
"M_2ogm_c","2-oxoglutaramate"
"M_2oxosucc_c","2-oxosuccinamate"
"M_2pg_c","D-Glycerate 2-phosphate"
"M_2pglyc_c","2-phosphoglycolate"
"M_2plac__L_c","2-phosphonato-L-lactate"
"M_2sgth4hoxe1_c","4-hydroxyestrone-2-S-glutathione"
"M_2sgth4hoxe1_e","4-hydroxyestrone-2-S-glutathione"
"M_2sgth4hoxe2_c","4-hydroxy-17beta-estradiol-2-S-glutathione"
"M_2sgth4hoxe2_e","4-hydroxy-17beta-estradiol-2-S-glutathione"
"M_2ump_c","Uridine 2'-monophosphate"
"M_34dhmald_c","3,4-dihydroxymandelaldehyde"
"M_34dhoxmand_c","3,4-dihydroxymandelate"
"M_34dhpac_c","3,4-dihydroxyphenylacetaldehyde"
"M_34dhpha_c","3,4-dihydroxyphenylacetate"
"M_34hpl_c","4-hydroxyphenyllactate"
"M_34hpp_c","3-(4-Hydroxyphenyl)pyruvate"
"M_35camp_c","3',5'-Cyclic AMP"
"M_35camp_e","3',5'-Cyclic AMP"
"M_35cgmp_c","3',5'-Cyclic GMP"
"M_35cgmp_e","3',5'-Cyclic GMP"
"M_35cimp_c","3',5'-Cyclic IMP"
"M_35cimp_e","3',5'-Cyclic IMP"
"M_3dfru_c","3-deoxyfructose"
"M_3dfru_e","3-deoxyfructose"
"M_3dglc_c","3-deoxyglucosone"
"M_3dglc_e","3-deoxyglucosone"
"M_3dhguln_c","3-dehydro-L-gulonate"
"M_3dsphgn_c","3-dehydrosphinganine"
"M_3dxyl_c","3-deoxyxylosone"
"M_3htmelys_c","3-hydroxy-N6,N6,N6-trimethyl-L-lysine"
"M_3mlda_c","Methylimidazoleacetate"
"M_3mlda_e","Methylimidazoleacetate"
"M_3mldz_c","Methylimidazole-acetaldehyde"
"M_3mob_c","3-methyl-2-oxobutyrate"
"M_3mob_e","3-methyl-2-oxobutyrate"
"M_3mop_c","2-oxo-3-methylvalerate"
"M_3mox4hoxm_c","vanillylmandelate"
"M_3mox4hoxm_e","vanillylmandelate"
"M_3mox4hpac_c","3-methoxy-4-hydroxyphenylacetaldehyde"
"M_3moxtyr_c","3-Methoxytyramine"
"M_3moxtyr_e","3-Methoxytyramine"
"M_3mtp_c","3-(methylsulfanyl)propanoate"
"M_3mtp_e","3-(methylsulfanyl)propanoate"
"M_3ohdcaACP_c","(R)-3-hydroxydecanoyl-[ACP]"
"M_3ohddcaACP_c","(R)-3-hydroxydodecanoyl-[ACP]"
"M_3ohhxaACP_c","(R)-3-hydroxyhexanoyl-[ACP]"
"M_3ohhxdcaACP_c","(R)-3-hydroxyhexadecanoyl-[ACP]"
"M_3ohocaACP_c","(R)-3-hydroxyoctanoyl-[ACP]"
"M_3ohocdcaACP_c","3-Hydroxystearoyl-ACP"
"M_3ohttdcaACP_c","(R)-3-hydroxytetradecanoyl-[ACP]"
"M_3omdopa_c","3-O-methyldopa"
"M_3oxdcaACP_c","3-oxodecanoyl-[ACP]"
"M_3oxddcaACP_c","3-oxododecanoyl-[ACP]"
"M_3oxhxaACP_c","3-oxohexanoyl-[ACP]"
"M_3oxhxdcaACP_c","3-oxohexadecanoyl-[ACP]"
"M_3oxocaACP_c","3-oxooctanoyl-[ACP]"
"M_3oxocdcaACP_c","3-Oxostearoyl-ACP"
"M_3oxttdcaACP_c","3-oxotetradecanoyl-[ACP]"
"M_3pg_c","3-Phospho-D-glycerate"
"M_3php_c","3-phosphonooxypyruvate"
"M_3sala__L_c","3-Sulfino-L-alanine"
"M_3snpyr_c","3-Sulfinopyruvate"
"M_3spyr_c","3-sulfopyruvate"
"M_42a3hp24db_c","4-(2-amino-3-hydroxyphenyl)-2,4-dioxobutanoate"
"M_45cfmn_c","Riboflavin cyclic-4',5'-phosphate"
"M_4aabutn_c","4-acetamidobutanoate"
"M_4abut_c","4-aminobutyrate"
"M_4abut_e","4-aminobutyrate"
"M_4abutn_c","4-aminobutanal"
"M_4aphdob_c","4-(2-aminophenyl)-2,4-dioxobutanoate"
"M_4fumacac_c","4-fumarylacetoacetate"
"M_4h2hxea_2E_c","4-hydroxy-2E-hexenoate"
"M_4h2hxeal_2E_c","4-hydroxy-2E-hexenal"
"M_4h2nonea_2E_c","4-hydroxy-2E-nonenoate"
"M_4h2noneal_2E_c","4-hydroxy-2E-nonenal"
"M_4h2oglt_c","4-hydroxy-2-oxoglutarate"
"M_4hglusa__L_c","L-4-hydroxyglutamate semialdehyde"
"M_4hoxe1_c","4-hydroxyestrone"
"M_4hoxe2_c","4-hydroxy-17beta-estradiol"
"M_4hoxpacd_c","4-hydroxyphenylacetaldehyde"
"M_4hphac_c","4-hydroxyphenylacetate"
"M_4hpro_LT_c","(4R)-4-hydroxy-L-proline"
"M_4hpro_LT_e","trans-4-hydroxy-L-proline"
"M_4mlacac_c","4-maleylacetoacetate"
"M_4mop_c","4-methyl-2-oxopentanoate"
"M_4mop_e","4-methyl-2-oxopentanoate"
"M_4mtoxe1_c","4-methoxyestrone"
"M_4mtoxe1_e","4-methoxyestrone"
"M_4mtoxe2_c","4-methoxy-17beta-estradiol"
"M_4mtoxe2_e","4-methoxy-17beta-estradiol"
"M_4ohbut_c","4-Hydroxy-Butyrate"
"M_4pcys__R_c","N-[(R)-pantothenoyl]-L-cysteinate"
"M_4per_c","4-Phospho-D-erythronate"
"M_4ppcys__R_c","(R)-4-phosphopantothenoyl-cysteine"
"M_4ppnto__R_c","(R)-4-phosphopantothenate"
"M_4pptth__R_c","(R)-4'-phosphopantetheine"
"M_4pyrdp_c","4-pyridone-3-carboxamide diphosphate"
"M_4pyrdx_c","4-Pyridoxate"
"M_4pyrdx_e","4-Pyridoxate"
"M_4pyrmp_c","4-pyridone-3-carboxamide monophosphate"
"M_4pyrn_c","4-pyridone-3-carboxamide-1-beta-D-ribonucleoside"
"M_4pyrn_e","4-pyridone-3-carboxamide-1-beta-D-ribonucleoside"
"M_4pyrnad_c","4-pyridone-3-carboxamide adenine dinucleotide"
"M_4pyrtp_c","4-pyridone-3-carboxamide triphosphate"
"M_4sgth2hoxe1_c","2-hydroxyestrone-4-S-glutathione"
"M_4sgth2hoxe1_e","2-hydroxyestrone-4-S-glutathione"
"M_4sgth2hoxe2_c","2-hydroxy-17beta-estradiol-4-S-glutathione"
"M_4sgth2hoxe2_e","2-hydroxy-17beta-estradiol-4-S-glutathione"
"M_4sgth56dhi_c","4-S-glutathionyl-5,6-dihydroxyindole"
"M_4sgth56dhi_e","4-S-glutathionyl-5,6-dihydroxyindole"
"M_4sgth56dhilne_c","4-S-glutathionyl-5,6-Dihydroxyindoline"
"M_4sgth56dhilne_e","4-S-glutathionyl-5,6-dihydroxyindoline"
"M_4tmeabut_c","4-trimethylammoniobutanal"
"M_4tmeabutn_c","gamma-butyrobetaine"
"M_56dh5flura_c","5,6-Dihydro-5-fluorouracil"
"M_56dh5flura_e","5,6-Dihydro-5-fluorouracil"
"M_56dhi_c","5,6-dihydroxyindole"
"M_56dhica_c","5,6-dihydroxyindole-2-carboxylate"
"M_56dthm_c","5,6-dihydrothymine"
"M_56dthm_e","5,6-dihydrothymine"
"M_56dura_c","5,6-dihydrouracil"
"M_56dura_e","5,6-dihydrouracil"
"M_5aand3a17bdiol_c","5alpha-androstane-3alpha,17beta-diol"
"M_5adtststerone_c","5-alpha-dihydrotestosterone"
"M_5aizc_c","5-phosphoribosyl-4-carboxy-5-aminoimidazole"
"M_5aop_c","5-Amino-4-oxopentanoate"
"M_5aop_e","5-Amino-4-oxopentanoate"
"M_5dpmev_c","(R)-5-diphosphomevalonate"
"M_5fludp_c","5,6-Dihydro-5-fluorouradine 5-diphosphate"
"M_5flump_c","5,6-Dihydro-5-fluorouradine 5-monophosphate"
"M_5flura_c","5-Fluorouracil"
"M_5flura_e","5-Fluorouracil"
"M_5flutp_c","5,6-Dihydro-5-fluorouradine 5-triphosphate"
"M_5fthf_c","5-formyl-tetrahydrofolate"
"M_5fthf_e","5-formyl-tetrahydrofolate"
"M_5hiu_c","5-hydroxyisourate"
"M_5houdic_c","2-oxo-4-hydroxy-4-carboxy-5-ureidoimidazoline"
"M_5hoxindact_c","5-hydroxyindoleacetaldehyde"
"M_5hoxindoa_c","5-hydroxyindoleacetate"
"M_5mdr1p_c","5-Methylthio-5-deoxy-D-ribose 1-phosphate"
"M_5mdru1p_c","5-Methylthio-5-deoxy-D-ribulose 1-phosphate"
"M_5mta_c","5-methylthioadenosine"
"M_5mta_e","5-methylthioadenosine"
"M_5mthf_c","5-methyl-tetrahydrofolate"
"M_5mthf_e","5-methyl-tetrahydrofolate"
"M_5oxpro_c","5-oxoproline"
"M_5oxpro_e","5-oxoproline"
"M_5ppins5p_c","5-diphospho-1D-myo-inositol 1,2,3,4,6-pentakisphosphate"
"M_5sgthadrnl__L_c","5-S-glutathionyl-L-adrenaline"
"M_5sgthadrnl__L_e","5-S-glutathionyl-L-adrenaline"
"M_5sgthdopa__L_c","5-S-glutathionyl-L-dopa"
"M_5sgthdopa__L_e","5-S-glutathionyl-L-dopa"
"M_5sgthdpam__L_c","5-S-glutathionyl-dopamine"
"M_5sgthdpam__L_e","5-S-glutathionyl-dopamine"
"M_5sgthleuadrnchrm_c","5-S-Glutathionyl-leucoadrenochrome"
"M_5sgthleuadrnchrm_e","5-S-Glutathionyl-leucoadrenochrome"
"M_5sgthleudopachr__L_c","5-S-Glutathionyl-L-leucodopachrome"
"M_5sgthleudopachr__L_e","5-S-Glutathionyl-L-leucodopachrome"
"M_5sgthleunrpphrchrm_c","5-S-Glutathionyl-leuconoradrenochrome"
"M_5sgthleunrpphrchrm_e","5-S-Glutathionyl-leuconoradrenochrome"
"M_5sgthnrpphr__L_c","5-S-glutathionyl-L-noradrenaline"
"M_5sgthnrpphr__L_e","5-S-glutathionyl-L-noradrenaline"
"M_67dhbpt_c","6,7-dihydrobiopterin"
"M_6hopthp_c","6-(1'-Hydroxy-2'-oxopropyl)-tetrahydropterin"
"M_6lthp_c","6-lactoyl-5,6,7,8-tetrahydropterin"
"M_6pgc_c","6-phospho-D-gluconate"
"M_6pgl_c","6-phospho-D-glucono-1,5-lactone"
"M_6pthp_c","6-pyruvoyl-5,6,7,8-tetrahydropterin"
"M_78dhbpt_c","7,8-dihydrobiopterin"
"M_78dhbpt_e","7,8-dihydrobiopterin"
"M_aacACP_c","acetoacetyl-[ACP]"
"M_aacoa_c","Acetoacetyl-CoA"
"M_aappal_c","Acetamidopropanal"
"M_abt__L_c","L-arabitol"
"M_abt__L_e","L-arabitol"
"M_ac_c","Acetate"
"M_ac_e","Acetate"
"M_ac4oacnam_c","N-acetyl-4-O-acetylneuraminate"
"M_ac9oacnam_c","N-acetyl-9-O-acetylneuraminate"
"M_acac_c","Acetoacetate"
"M_acac_e","Acetoacetate"
"M_acACP_c","acetyl-[ACP]"
"M_acald_c","Acetaldehyde"
"M_acald_e","Acetaldehyde"
"M_accoa_c","acetyl-CoA"
"M_accprot_lys__L_c","[acceptor protein]-L-lysine"
"M_accprot_monoubiqlys_c","N6-monoubiquitinyl-[acceptor protein]-L-lysine"
"M_accprot_ubiqlys_c","N6-ubiquitinyl-[acceptor protein]-L-lysine"
"M_acetol_c","hydroxyacetone"
"M_acgal_c","N-acetylgalactosamine"
"M_acgal1p_c","N-acetyl-_-D-galactosamine 1-phosphate"
"M_acgalfuc12gal14acglcgalgluside_hs_c","Type IIA antigen "
"M_acgalfucgalacgalfuc12gal14acglcgalgluside_hs_c","Type IIIA glycolipid"
"M_acgalfucgalacgalfucgalacglcgal14acglcgalgluside_hs_c","Type IIIAb"
"M_acgalfucgalacglcgal14acglcgalgluside_hs_c","G00072"
"M_acgalfucgalacglcgalgluside_hs_c","Type IA glycolipid"
"M_acgam_c","N-Acetyl-D-glucosamine"
"M_acgam1p_c","N-acetylglucosamine-1-phosphate"
"M_acgam6p_c","N-Acetyl-D-glucosamine 6-phosphate"
"M_acglcgalacglcgal14acglcgalgluside_hs_c","nLc7Cer"
"M_ach_c","Acetylcholine"
"M_ach_e","Acetylcholine"
"M_acmana_c","N-Acetyl-D-mannosamine"
"M_acmanap_c","N-Acetyl-D-mannosamine 6-phosphate"
"M_acmet__L_c","N-acetyl-L-methionine"
"M_acmetala_c","N-acetyl-L-methionyl-L-alanine"
"M_acnagalgbside_hs_c","Monosialylgalactosylgloboside"
"M_acnam_c","N-Acetylneuraminate"
"M_acnam_e","N-Acetylneuraminate"
"M_acnamp_c","N-Acetylneuraminate 9-phosphate"
"M_ACP_c","[ACP]"
"M_acrn_c","O-acetylcarnitine"
"M_actp_c","Acetyl phosphate"
"M_ade_c","Adenine"
"M_ade_e","Adenine"
"M_admarg__L_c","Asymmetric N(omega),N(omega)-dimethyl-L-arginine"
"M_admarg__L_e","Asymmetric N(omega),N(omega)-dimethyl-L-arginine"
"M_adn_c","Adenosine"
"M_adn_e","Adenosine"
"M_adp_c","ADP"
"M_adp_e","ADP"
"M_adpglc_c","ADP-glucose"
"M_adpman_c","ADP-mannose"
"M_adprbp_c","ADP-ribose 2'-phosphate"
"M_adprbp_e","ADP-ribose-2-phosphate"
"M_adprib_c","ADP-ribose"
"M_adprib_e","ADP-ribose"
"M_adpribu_c","ADP-ribulose"
"M_adrnchrm_c","Adrenochrome"
"M_adrnchrmsqn_c","Adrenochrome-o-semiquinone"
"M_adrnl__L_c","L-adrenaline"
"M_adrnl__L_e","L-adrenaline"
"M_adrnlqn__L_c","L-adrenaline-o-quinone"
"M_adrnlsqn__L_c","L-adrenaline-o-semiquinone"
"M_ag1_c","Silver (I)"
"M_ag1_e","Silver (I)"
"M_ahcys__L_c","S-Adenosyl-L-homocysteine"
"M_ahdt_c","6-[(1S,2R)-1,2-dihydroxy-3-triphosphooxypropyl]-7,8-dihydropterin"
"M_aic_c","5-amino-4-imidazolecarboxamide"
"M_aic_e","5-amino-4-imidazolecarboxamide"
"M_aica_c","5-amino-4-imidazolecarboxamide riboside"
"M_aica_e","5-amino-4-imidazolecarboxamide riboside"
"M_aicar_c","5-amino-4-imidazolecarboxamide riboside 5'-monophosphate (ZMP)"
"M_aicar_e","5-amino-4-imidazolecarboxamide riboside 5'-monophosphate (ZMP)"
"M_air_c","5-amino-1-(5-phospho-D-ribosyl)imidazole"
"M_akg_c","2-Oxoglutarate"
"M_akg_e","Alpha-ketoglutarate"
"M_ala__L_c","L-Alanine"
"M_ala__L_e","L-Alanine"
"M_ala_B_c","beta-alanine"
"M_ala_B_e","beta-alanine"
"M_alapro_c","L-alanyl-L-proline"
"M_alatrna_c","L-alanyl-tRNA(ala)"
"M_alltn_c","Allantoin"
"M_alltn_e","Allantoin"
"M_alltt_c","allantoate"
"M_amet__L_c","S-Adenosyl-L-methionine"
"M_ametam_c","S-Adenosylmethioninamine"
"M_amp_c","AMP"
"M_amp_e","AMP"
"M_ampamd_c","adenosine 5'-phosphoramidate"
"M_anad_c","Alpha-NAD+"
"M_andrstndn_c","4-androstene-3,17-dione"
"M_andrstndn_e","4-androstene-3,17-dione"
"M_andrstrn_c","androsterone"
"M_angiotensin1_c","Angiotensin 1"
"M_angiotensin17_c","Angiotensin (1-7)"
"M_angiotensin2_c","Angiotensin 2"
"M_angiotensin3_c","Angiotensin 3"
"M_angiotensin4_c","Angiotensin 4"
"M_angiotensin57_c","Angiotensin (5-7)"
"M_angiotensin58_c","Angiotensin (5-8)"
"M_ap4a_c","P1,P4-Bis(5'-adenosyl) tetraphosphate"
"M_ap5a_c","P1,P5-bis(5'-adenosyl) pentaphosphate"
"M_ap6a_c","P1,P6-bis(5'-adenosyl)hexaphosphate"
"M_apoACP_c","apo-[ACP]"
"M_aprgstrn_c","20alpha-hydroxy-4-pregnen-3-one"
"M_aprgstrn_e","20alpha-hydroxy-4-pregnen-3-one"
"M_aps_c","adenylyl sulfate"
"M_arab__L_c","L-arabinose"
"M_arab__L_e","L-arabinose"
"M_arg__L_c","L-Arginine"
"M_arg__L_e","L-Arginine"
"M_argpropro_c","L-arginyl-L-prolyl-L-proline"
"M_argsuc_c","argininosuccinate"
"M_argtrna_c","L-arginyl-tRNA(arg)"
"M_arsdigth_c","bis(S-glutathionyl)arsenium"
"M_arsgth_c","(S-glutathionyl)arsenium"
"M_arsna_c","Arsenate"
"M_arsna_e","Arsenate"
"M_arsni_c","arsenite"
"M_arsni_e","arsenite"
"M_arsseldigth_c","Selenobis(S-glutathionyl) arsenium ion"
"M_arsseldigth_e","Selenobis(S-glutathionyl) arsenium ion"
"M_ascb__L_c","L-Ascorbate"
"M_ascb__L_e","L-Ascorbate"
"M_asn__L_c","asparagine"
"M_asn__L_e","L-asparagine"
"M_asntrna_c","L-asparaginyl-tRNA(asn)"
"M_asp__L_c","L-aspartate"
"M_asp__L_e","aspartate"
"M_asparg_c","L-aspartyl-L-arginine"
"M_asptrna_c","L-aspartyl-tRNA(asp)"
"M_atp_c","ATP"
"M_atp_e","ATP"
"M_avite1_c","Alpha-tocopherol"
"M_avite1qn_c","Alpha-tocopherol quinone"
"M_avite1r_c","Alpha-tocopheroxyl radical"
"M_bamppald_c","3-amino-propanal"
"M_betald_c","betaine_aldehyde"
"M_bhbACP_c","(R)-3-hydroxybutanoyl-[ACP]"
"M_bilirub_c","Bilirubin"
"M_bilirub_e","Bilirubin"
"M_biliverd_c","Biliverdin"
"M_btcoa_c","Butanoyl-CoA"
"M_but_c","Butyrate (FA 4:0)"
"M_but_e","Butyrate (FA 4:0)"
"M_butACP_c","butyryl-[ACP]"
"M_buteACP_2E_c","but-2-enoyl-[ACP]"
"M_bz_c","Benzoate"
"M_bzal_c","Benzaldehyde"
"M_ca2_c","Calcium"
"M_ca2_e","Calcium"
"M_cadprbp_c","Cyclic ADP-ribose-2-phosphate"
"M_cadprbp_e","Cyclic ADP-ribose-2-phosphate"
"M_cadprib_c","Cyclic ADP-ribose"
"M_cadprib_e","Cyclic ADP-ribose"
"M_carboxyhb_c","Carboxyhemoglobin"
"M_cbasp_c","N-carbamoyl-L-aspartate"
"M_cbp_c","Carbamoyl-phosphate"
"M_cclglobin_c","Covalent crosslinked globin multimer"
"M_cclmethb_c","Covalent crosslinked methemoglobin multimer"
"M_cd2_c","Cadmium (II)"
"M_cd2_e","Cadmium (II)"
"M_cdp_c","CDP"
"M_cdpchol_c","CDP-choline"
"M_cdpdag_hs_c","CDP-diacylglycerol (CDP-DG)"
"M_cdpea_c","CDP-ethanolamine"
"M_cdprbt_c","CDP-L-ribitol"
"M_cdprib_c","CDP-D-ribose"
"M_cdpru5p__D_c","CDP-D-ribulose"
"M_ch4s_c","Methanethiol"
"M_chlstol_c","5alpha-cholesta-7,24-dien-3beta-ol"
"M_chol_c","Choline"
"M_chol_e","Choline"
"M_cholate_c","cholate"
"M_cholate_e","cholate"
"M_cholp_c","Phosphocholine"
"M_cholp_e","Phosphocholine"
"M_chsterol_c","cholesterol"
"M_chsterol_e","cholesterol"
"M_cit_c","citrate"
"M_cit_e","citrate"
"M_citr__L_c","L-citrulline"
"M_citr__L_e","citrulline"
"M_cl_c","Chloride"
"M_cl_e","Chloride"
"M_clho_e","Hypochlorite"
"M_cmp_c","CMP"
"M_cmpacna_c","CMP-N-acetylneuraminate"
"M_cmusa_c","2-amino-3-carboxymuconate semialdehyde"
"M_co_c","Carbon monoxide"
"M_co_e","Carbon monoxide"
"M_co2_c","CO2"
"M_co2_e","CO2"
"M_co3r_c","Carbonate radical"
"M_coa_c","Coenzyme A"
"M_cobalt2_c","Cobalt (II)"
"M_cobalt2_e","Cobalt (II)"
"M_cppp1_c","Coproporphyrin I"
"M_cppp1_e","Coproporphyrin I"
"M_cppp3_c","Coproporphyrin III"
"M_cppp3_e","Coproporphyrin III"
"M_cpppg1_c","Coproporphyrinogen I"
"M_cpppg3_c","Coproporphyrinogen III"
"M_cpppg3_e","Coproporphyrinogen III"
"M_creat_c","creatine"
"M_creat_e","creatine"
"M_crm_hs_c","Ceramide (Cer d18:2)"
"M_crm_hs_e","Ceramide (Cer d18:2)"
"M_crn_c","L-Carnitine"
"M_crn_e","L-carnitine"
"M_crtn_c","creatinine"
"M_crtn_e","creatinine"
"M_crtsl_c","cortisol"
"M_crtsl_e","cortisol"
"M_crtstrn_c","corticosterone"
"M_crtstrn_e","corticosterone"
"M_csn_c","cytosine"
"M_ctp_c","CTP"
"M_cu1_c","Copper (I)"
"M_cu1_e","Copper (I)"
"M_cu2_c","Cu2+"
"M_cu2_e","Copper (II)"
"M_cullin_lys__L_c","[cullin]-L-lysine "
"M_cullin_nedd8lys_c","N6-[NEDD8-protein]-yl-[cullin]-L-lysine"
"M_cynamd_c","Cyanamide"
"M_cys__L_c","L-Cysteine"
"M_cys__L_e","L-Cysteine"
"M_cysam_c","Cysteamine"
"M_cysgly_c","L-cysteinylglycine"
"M_cysi__L_c","cystine"
"M_cysi__L_e","cystine"
"M_cyst__L_c","L-cystathionine"
"M_cystrna_c","L-cysteinyl-tRNA(cys)"
"M_cytd_c","cytidine"
"M_cytd_e","cytidine"
"M_dadp_c","dADP"
"M_dag_hs_c","1,2-diacylglycerol (DG)"
"M_dago_hs_c","1-O-alkyl-2-acyl-sn-glycerol (DG O-)"
"M_dagoac_hs_c","1-O-alkyl-2-acetyl-sn-glycerol"
"M_dagthrd_c","Deaminated glutathione"
"M_damp_c","dAMP"
"M_daophth_c","Deaminated ophthalmate"
"M_datp_c","dATP"
"M_dcaACP_c","decanoyl-[ACP]"
"M_dcdp_c","dCDP"
"M_dceaACP_2E_c","(2E)-decenoyl-[ACP]"
"M_dcmp_c","dCMP"
"M_dctp_c","dCTP"
"M_ddcaACP_c","dodecanoyl-[ACP]"
"M_ddceaACP_2E_c","(2E)-dodecenoyl-[ACP]"
"M_dgchol_c","glycochenodeoxycholate"
"M_dgchol_e","glycochenodeoxycholate"
"M_dgdp_c","dGDP"
"M_dgmp_c","dGMP"
"M_dgtp_c","dGTP"
"M_dh15kprostge1_c","13,14-dihydro-15-oxo-prostaglandin E1"
"M_dh15kprostge2_c","13,14-dihydro-15-oxo-prostaglandin E2"
"M_dh15kprostge3_c","13,14-dihydro-15-oxo-prostaglandin E3"
"M_dh15kprostgf1_c","13,14-dihydro-15-oxo-prostaglandin F1alpha"
"M_dh15kprostgf2_c","13,14-dihydro-15-oxo-prostaglandin F2alpha"
"M_dh15kprostgf3_c","13,14-dihydro-15-oxo-prostaglandin F3alpha"
"M_dha_c","glycerone"
"M_dha_e","glycerone"
"M_dhap_c","Dihydroxyacetone phosphate"
"M_dhdascb__L_c","L-Dehydroascorbate"
"M_dhdascb__L_e","L-Dehydroascorbate"
"M_dheas_c","dehydroepiandrosterone sulfate"
"M_dheas_e","dehydroepiandrosterone sulfate"
"M_dhet1112_c","11,12-DHET (FA 20:3;O2)"
"M_dhet1112_e","11,12-DHET (FA 20:3;O2)"
"M_dhet1415_c","14,15-DHET (FA 20:3;O2)"
"M_dhet1415_e","14,15-DHET (FA 20:3;O2)"
"M_dhet56_c","5,6-DHET (FA 20:3;O2)"
"M_dhet56_e","5,6-DHET (FA 20:3;O2)"
"M_dhet89_c","8,9-DHET (FA 20:3;O2)"
"M_dhet89_e","8,9-DHET (FA 20:3;O2)"
"M_dhf_c","dihydrofolate"
"M_dhlipoate_c","Dihydrolipoate"
"M_dhlipoate_e","Dihydrolipoate"
"M_dhmtp_c","1,2-Dihydroxy-5-(methylthio)pent-1-en-3-one"
"M_dhnpt_c","Dihydroneopterin"
"M_dhnpt_e","Dihydroneopterin"
"M_dhor__S_c","(S)-dihydroorotate"
"M_dhurate_c","Dehydrourate"
"M_diam6tpop4oxpyr_c","2,5-diamino-6-(5-triphosphoryl-3,4-trihydroxy-2-oxopentyl)-amino-4-oxopyrimidine"
"M_diampyrntp_c","2,5-diaminopyrimidine nucleoside triphosphate"
"M_didp_c","dIDP"
"M_dihdpa1011_c","10,11-DiHDPA (FA 22:5;O2)"
"M_dihdpa1011_e","10,11-DiHDPA (FA 22:5;O2)"
"M_dihdpa1314_c","13,14-DiHDPA (FA 22:5;O2)"
"M_dihdpa1314_e","13,14-DiHDPA (FA 22:5;O2)"
"M_dihdpa1617_c","16,17-DiHDPA (FA 22:5;O2)"
"M_dihdpa1617_e","16,17-DiHDPA (FA 22:5;O2)"
"M_dihdpa1920_c","19,22-DiHDPA (FA 22:5;O2)"
"M_dihdpa1920_e","19,22-DiHDPA (FA 22:5;O2)"
"M_dihdpa78_c","7,8-DiHDPA (FA 22:5;O2)"
"M_dihdpa78_e","7,8-DiHDPA (FA 22:5;O2)"
"M_dihete1112_c","11,12-DiHETE (FA 20:4;O2)"
"M_dihete1112_e","11,12-DiHETE (FA 20:4;O2)"
"M_dihete1415_c","14,15-DiHETE (FA 20:4;O2)"
"M_dihete1415_e","14,15-DiHETE (FA 20:4;O2)"
"M_dihete1718_c","17,18-DiHETE (FA 20:4;O2)"
"M_dihete1718_e","17,18-DiHETE (FA 20:4;O2)"
"M_dihete56_c","5,6-DiHETE (FA 20:4;O2)"
"M_dihete56_e","5,6-DiHETE (FA 20:4;O2)"
"M_dihete89_c","8,9-DiHETE (FA 20:4;O2)"
"M_dihete89_e","8,9-DiHETE (FA 20:4;O2)"
"M_dihome1213_c","12(13)-DiHOME (FA 18:1;O2)"
"M_dihome1213_e","12(13)-DiHOME (FA 18:1;O2)"
"M_dihome910_c","9(10)-DiHOME (FA 18:1;O2)"
"M_dihome910_e","9(10)-DiHOME (FA 18:1;O2)"
"M_diiodthy__L_c","3,3'-Diiodo-L-thyronine (T2)"
"M_diiodthy__L_e","3,3'-Diiodo-L-thyronine (T2)"
"M_dimp_c","dIMP"
"M_ditp_c","dITP"
"M_dkmpp_c","2,3-diketo-5-methylthio-1-phosphopentane"
"M_dmgly_c","dimethylglycine"
"M_dmhptcoa_c","2(S),6-dimethyl-heptanoyl-CoA"
"M_dmhptcrn_c","2,6-dimethylheptanoyl-carnitine"
"M_dmnoncoa_c","4(R),8-dimethyl-nonanoyl-CoA"
"M_dmnoncrn_c","4,8-dimethylnonanoylcarnitine"
"M_dmpp_c","dimethylallyl-PP"
"M_dnad_c","Deamino-NAD+"
"M_dnadp_c","Nicotinate-adenine dinucleotide phosphate  (Deamido-NADP, NAADP)"
"M_dnadp_e","Nicotinate-adenine dinucleotide phosphate  (Deamido-NADP, NAADP)"
"M_dopa__D_c","D-dopa"
"M_dopa__L_c","L-dopa"
"M_dopa__L_e","L-dopa"
"M_dopaqn__L_c","L-dopa-o-quinone"
"M_dopasqn__L_c","L-dopa-o-semiquinone"
"M_dpam__D_c","D-dopamine"
"M_dpam__L_c","L-dopamine"
"M_dpam__L_e","L-dopamine"
"M_dpamchrm_c","Dopaminochrome"
"M_dpamchrmsqn_c","Dopaminochrome-o-semiquinone"
"M_dpamqn__L_c","L-dopamine-o-quinone"
"M_dpamsqn__L_c","L-dopamine-o-semiquinone"
"M_dpchrm__D_c","D-dopachrome"
"M_dpchrm__L_c","L-dopachrome"
"M_dpchrmsqn__L_c","L-dopachrome-o-semiquinone"
"M_dpcoa_c","dephospho-CoA"
"M_dtdp_c","dTDP"
"M_dtmp_c","dTMP"
"M_dttp_c","dTTP"
"M_dudp_c","dUDP"
"M_dump_c","dUMP"
"M_dutp_c","dUTP"
"M_e14bp_c","1,4-Bisphosphoerythronate"
"M_e1act_cys__L_c","[E1 ubiquitin-activating enzyme]-L-cysteine"
"M_e1nd8act_cys__L_c","[E1 NEDD8-activating enzyme]-L-cysteine"
"M_e217obglcur_c","17beta-estradiol 17-O-(beta-D-glucuronate)"
"M_e217obglcur_e","17beta-estradiol 17-O-(beta-D-glucuronate)"
"M_e2conj_cys__L_c","[E2 ubiquitin-conjugating enzyme]-L-cysteine"
"M_e2nd8conj_cys__L_c","[E2 NEDD8-conjugating enzyme]-L-cysteine"
"M_e4hglu_c","L-erythro-4-hydroxyglutamate"
"M_e4p_c","D-Erythrose 4-phosphate"
"M_edp1011_c","10,11-EDP (FA 20:6;O)"
"M_edp1011_e","10,11-EDP (FA 20:6;O)"
"M_edp1314_c","13,14-EDP (FA 20:6;O)"
"M_edp1314_e","13,14-EDP (FA 20:6;O)"
"M_edp1617_c","16,17-EDP (FA 20:6;O)"
"M_edp1617_e","16,17-EDP (FA 20:6;O)"
"M_edp1920_c","19,20-EDP (FA 20:6;O)"
"M_edp1920_e","19,20-EDP (FA 20:6;O)"
"M_edp78_c","7,8-EDP (FA 20:6;O)"
"M_edp78_e","7,8-EDP (FA 20:6;O)"
"M_eeq1112_c","11,12-EEQ (FA 20:4;O)"
"M_eeq1112_e","11,12-EEQ (FA 20:4;O)"
"M_eeq1415_c","14,15-EEQ (FA 20:4;O)"
"M_eeq1415_e","14,15-EEQ (FA 20:4;O)"
"M_eeq1718_c","17,18-EEQ (FA 20:4;O)"
"M_eeq1718_e","17,18-EEQ (FA 20:4;O)"
"M_eeq56_c","5,6-EEQ (FA 20:4;O)"
"M_eeq56_e","5,6-EEQ (FA 20:4;O)"
"M_eeq89_c","8,9-EEQ (FA 20:4;O)"
"M_eeq89_e","8,9-EEQ (FA 20:4;O)"
"M_eet1112_c","11,12-EET (FA 20:3;O)"
"M_eet1112_e","11,12-EET (FA 20:3;O)"
"M_eet1415_c","14,15-EET (FA 20:3;O)"
"M_eet1415_e","14,15-EET (FA 20:3;O)"
"M_eet56_c","5,6-EET (FA 20:3;O)"
"M_eet56_e","5,6-EET (FA 20:3;O)"
"M_eet89_c","8,9-EET (FA 20:3;O)"
"M_eet89_e","8,9-EET (FA 20:3;O)"
"M_epome1213_c","12(13)-EpOME (FA 18:1;O)"
"M_epome1213_e","12(13)-EpOME (FA 18:1;O)"
"M_epome910_c","9(10)-EpOME (FA 18:1;O)"
"M_epome910_e","9(10)-EpOME (FA 18:1;O)"
"M_ergoth_c","Ergothioneine"
"M_ergoth_e","Ergothioneine"
"M_erthn__D_c","D-erythronate"
"M_erthrs__D_c","D-erythrose"
"M_erylt_c","Erythritol"
"M_erylt_e","Erythritol"
"M_eryth__L_c","L-erythrulose"
"M_estradiol_c","17beta-estradiol"
"M_estradiol_e","estradiol-17beta"
"M_estradiol23qn_c","17beta-estradiol-2,3-quinone"
"M_estradiol23sqn_c","17beta-estradiol-2,3 semiquinone"
"M_estradiol34qn_c","17beta-estradiol-3,4-quinone"
"M_estradiol34sqn_c","17beta-estradiol-3,4 semiquinone"
"M_estrone_c","Estrone"
"M_estrone_e","estrone"
"M_estrone23qn_c","estrone-2,3-quinone"
"M_estrone23sqn_c","estrone-2,3 semiquinone"
"M_estrone34qn_c","estrone-3,4-quinone"
"M_estrone34sqn_c","estrone-3,4 semiquinone"
"M_estrones_c","estrone 3-sulfate"
"M_estrones_e","estrone 3-sulfate"
"M_etha_c","Ethanolamine"
"M_etha_e","Ethanolamine"
"M_ethamp_c","ethanolamine-phosphate"
"M_ethamp_e","ethanolamine-phosphate"
"M_ethmalcoa__S_c","(2S)-ethylmalonyl-CoA"
"M_etoh_c","ethanol"
"M_etoh_e","ethanol"
"M_f1p_c","D-fructose 1-phosphate"
"M_f3p_c","Fructose-3-phosphate"
"M_f6p_c","D-Fructose 6-phosphate"
"M_FA_hs_10_0_c","Decanoate (FA 10:0)"
"M_FA_hs_10_0_e","Decanoate (FA 10:0)"
"M_FA_hs_10_10O_c","10-oxo-decanoate (FA 10:1;O)"
"M_FA_hs_10_10OH_c","10-hydroxy-decanoate (FA 10:0;O)"
"M_FA_hs_10_DC_c","Decanedioate (FA 10:1;O2)"
"M_FA_hs_11_0_c","Hendecanoate (FA 11:0)"
"M_FA_hs_11_0_e","Hendecanoate (FA 11:0)"
"M_FA_hs_12_0_c","Dodecanoate (FA 12:0)"
"M_FA_hs_12_0_e","Dodecanoate (FA 12:0)"
"M_FA_hs_12_12O_c","12-oxo-dodecanoate (FA 12:1;O)"
"M_FA_hs_12_12OH_c","12-hydroxy-dodecanoate (FA 12:0;O)"
"M_FA_hs_12_DC_c","Dodecanedioate (FA 12:1;O2)"
"M_FA_hs_13_0_c","Tridecanoate (FA 13:0)"
"M_FA_hs_13_0_e","Tridecanoate (FA 13:0)"
"M_FA_hs_14_0_c","Tetradecanoate (FA 14:0)"
"M_FA_hs_14_0_e","Tetradecanoate (FA 14:0)"
"M_FA_hs_14_14O_c","14-oxo-tetradecanoate (FA 14:1;O)"
"M_FA_hs_14_14OH_c","14-hydroxy-tetradecanoate (FA 14:0;O)"
"M_FA_hs_14_5Z_c","(5Z)-tetradecenoate"
"M_FA_hs_14_5Z_e","(5Z)-tetradecenoate"
"M_FA_hs_14_7Z_c","(7Z)-tetradecenoate"
"M_FA_hs_14_7Z_e","(7Z)-tetradecenoate"
"M_FA_hs_14_9Z_c","(9Z)-tetradecenoate"
"M_FA_hs_14_9Z_e","(9Z)-tetradecenoate"
"M_FA_hs_14_DC_c","Tetradecanedioate (FA 14:1;O2)"
"M_FA_hs_15_0_c","Pentadecanoate (FA 15:0)"
"M_FA_hs_15_0_e","Pentadecanoate (FA 15:0)"
"M_FA_hs_16_0_c","Hexadecanoate (FA 16:0)"
"M_FA_hs_16_0_e","Hexadecanoate (FA 16:0)"
"M_FA_hs_16_16O_c","16-oxo-hexadecanoate (FA 16:1;O)"
"M_FA_hs_16_16OH_c","16-hydroxy-hexadecanoate (FA 16:0;O)"
"M_FA_hs_16_2E_c","(2E)-hexadecenoate (FA 16:1(2E))"
"M_FA_hs_16_2E_e","(2E)-hexadecenoate (FA 16:1(2E))"
"M_FA_hs_16_7Z_c","(7Z)-hexadecenoate (FA 16:1(7Z))"
"M_FA_hs_16_7Z_e","(7Z)-hexadecenoate (FA 16:1(7Z))"
"M_FA_hs_16_9Z_c","(9Z)-hexadecenoate (FA 16:1(9Z))"
"M_FA_hs_16_9Z_e","(9Z)-hexadecenoate (FA 16:1(9Z))"
"M_FA_hs_16_DC_c","Hexadecanedioate (FA 16:1;O2)"
"M_FA_hs_17_0_c","Heptadecanoate (FA 17:0)"
"M_FA_hs_17_0_e","Heptadecanoate (FA 17:0)"
"M_FA_hs_17_10Z_c","(10Z)-heptadecenoate (FA 17:1(10Z))"
"M_FA_hs_17_10Z_e","(10Z)-heptadecenoate (FA 17:1(10Z))"
"M_FA_hs_17_9Z_c","(9Z)-heptadecenoate (FA 17:1(9Z))"
"M_FA_hs_17_9Z_e","(9Z)-heptadecenoate (FA 17:1(9Z))"
"M_FA_hs_18_0_c","Octadecanoate (FA 18:0)"
"M_FA_hs_18_0_e","Octadecanoate (FA 18:0)"
"M_FA_hs_18_11Z_c","(11Z)-octadecenoate (FA.18:1(11Z))"
"M_FA_hs_18_11Z_e","(11Z)-octadecenoate (FA.18:1(11Z))"
"M_FA_hs_18_13Z_c","(13Z)-octadecenoate (FA.18:1(13Z))"
"M_FA_hs_18_13Z_e","(13Z)-octadecenoate (FA.18:1(13Z))"
"M_FA_hs_18_6Z9Z_c","(6Z,9Z)-octadecadienoate (FA.18:2(6Z,9Z))"
"M_FA_hs_18_6Z9Z_e","(6Z,9Z)-octadecadienoate (FA.18:2(6Z,9Z))"
"M_FA_hs_18_6Z9Z12Z_c","(6Z,9Z,12Z)-octadecatrienoate (FA.18:3(6Z,9Z,12Z))"
"M_FA_hs_18_6Z9Z12Z_e","(6Z,9Z,12Z)-octadecatrienoate (FA.18:3(6Z,9Z,12Z))"
"M_FA_hs_18_6Z9Z12Z15Z_c","(6Z,9Z,12Z.15Z)-octadecatetraenoate (FA.18:4(6Z,9Z,12Z,15Z))"
"M_FA_hs_18_6Z9Z12Z15Z_e","(6Z,9Z,12Z.15Z)-octadecatetraenoate (FA.18:4(6Z,9Z,12Z,15Z))"
"M_FA_hs_18_7Z_c","(7Z)-octadecenoate (FA.18:1(7Z))"
"M_FA_hs_18_7Z_e","(7Z)-octadecenoate (FA.18:1(7Z))"
"M_FA_hs_18_9E_c","(9E)-octadecenoate (FA.18:1(9E))"
"M_FA_hs_18_9E_e","(9E)-octadecenoate (FA.18:1(9E))"
"M_FA_hs_18_9Z_c","(9Z)-octadecenoate (FA.18:1(9Z))"
"M_FA_hs_18_9Z_e","(9Z)-octadecenoate (FA.18:1(9Z))"
"M_FA_hs_18_9Z12Z_c","(9Z,12Z)-octadecadienoate (FA.18:2(9Z,12Z))"
"M_FA_hs_18_9Z12Z_e","(9Z,12Z)-octadecadienoate (FA.18:2(9Z,12Z))"
"M_FA_hs_18_9Z12Z15Z_c","(9Z,12Z.15Z)-octadecatrienoate  (FA.18:3(9Z,12Z,15Z))"
"M_FA_hs_18_9Z12Z15Z_e","(9Z,12Z.15Z)-octadecatrienoate  (FA.18:3(9Z,12Z,15Z))"
"M_FA_hs_18_9Z12Zr_c","(9Z,12Z)-octadecadienoate (FA.18:2(9Z,12Z)) radical"
"M_FA_hs_18_9Z12Zroo_c","(9Z,12Z)-octadecadienoate (FA.18:2(9Z,12Z)) peroxyl radical"
"M_FA_hs_19_0_c","Nonadecanoate (FA 19:0)"
"M_FA_hs_19_0_e","Nonadecanoate (FA 19:0)"
"M_FA_hs_20_0_c","Eicosanoate (FA 20:0)"
"M_FA_hs_20_0_e","Eicosanoate (FA 20:0)"
"M_FA_hs_20_11Z_c","(11Z)-eicosanoate (FA 20:1(11Z))"
"M_FA_hs_20_11Z_e","(11Z)-eicosanoate (FA 20:1(11Z))"
"M_FA_hs_20_11Z14Z_c","(11Z,14Z)-eicosadienoate (FA 20:2(11Z,14Z))"
"M_FA_hs_20_11Z14Z_e","(11Z,14Z)-eicosadienoate (FA 20:2(11Z,14Z))"
"M_FA_hs_20_11Z14Z17Z_c","(11Z,14Z,17Z)-eicosatrienoate (FA 20:3(11Z,14Z,17Z))"
"M_FA_hs_20_11Z14Z17Z_e","(11Z,14Z,17Z)-eicosatrienoate (FA 20:3(11Z,14Z,17Z))"
"M_FA_hs_20_13Z_c","(13Z)-eicosanoate (FA 20:1(13Z))"
"M_FA_hs_20_13Z_e","(13Z)-eicosanoate (FA 20:1(13Z))"
"M_FA_hs_20_5Z8Z11Z_c","(5Z,8Z,11Z)-eicosatrienoate (FA 20:3(5Z,8Z,11Z))"
"M_FA_hs_20_5Z8Z11Z_e","(5Z,8Z,11Z)-eicosatrienoate (FA 20:3(5Z,8Z,11Z))"
"M_FA_hs_20_5Z8Z11Z14Z_c","(5Z,8Z,11Z,14Z)-eicosatetraenoate (FA 20:4(5Z,8Z,11Z,14Z))"
"M_FA_hs_20_5Z8Z11Z14Z_e","(5Z,8Z,11Z,14Z)-eicosatetraenoate (FA 20:4(5Z,8Z,11Z,14Z))"
"M_FA_hs_20_5Z8Z11Z14Z17Z_c","(5Z,8Z,11Z,14Z,17Z)-eicosapentaenoate (FA 20:5(5Z,8Z,11Z,14Z,17Z))"
"M_FA_hs_20_5Z8Z11Z14Z17Z_e","(5Z,8Z,11Z,14Z,17Z)-eicosapentaenoate (FA 20:5(5Z,8Z,11Z,14Z,17Z))"
"M_FA_hs_20_5Z8Z11Z14Z17Zr_c","(5Z,8Z,11Z,14Z,17Z)-eicosapentaenoate (FA 20:5(5Z,8Z,11Z,14Z,17Z)) radical"
"M_FA_hs_20_5Z8Z11Z14Z17Zroo_c","(5Z,8Z,11Z,14Z,17Z)-eicosapentaenoate (FA 20:5(5Z,8Z,11Z,14Z,17Z)) peroxyl radical"
"M_FA_hs_20_5Z8Z11Z14Z20DC_c","(5Z,8Z,11Z,14Z)-eicosatetraenedioate (FA 20:4(5Z,8Z,11Z,14Z);O2)"
"M_FA_hs_20_5Z8Z11Z14Z20O_c","20-oxo-(5Z,8Z,11Z,14Z)-eicosatetraenoate (FA 20:5(5Z,8Z,11Z,14Z);O)"
"M_FA_hs_20_5Z8Z11Z14Z20OH_c","20-hydroxy-(5Z,8Z,11Z,14Z)-eicosatetraenoate (FA 20:4(5Z,8Z,11Z,14Z);O)"
"M_FA_hs_20_5Z8Z11Z14Zr_c","(5Z,8Z,11Z,14Z)-eicosatetraenoate (FA 20:4(5Z,8Z,11Z,14Z)) radical"
"M_FA_hs_20_5Z8Z11Z14Zroo_c","(5Z,8Z,11Z,14Z)-eicosatetraenoate (FA 20:4(5Z,8Z,11Z,14Z)) peroxyl radical"
"M_FA_hs_20_8Z11Z_c","(8Z,11Z)-eicosadienoate (FA 20:2(8Z,11Z))"
"M_FA_hs_20_8Z11Z_e","(8Z,11Z)-eicosadienoate (FA 20:2(8Z,11Z))"
"M_FA_hs_20_8Z11Z14Z_c","(8Z,11Z,14Z)-eicosatrienoate (FA 20:3(8Z,11Z.14Z))"
"M_FA_hs_20_8Z11Z14Z_e","(8Z,11Z,14Z)-eicosatrienoate (FA 20:3(8Z,11Z.14Z))"
"M_FA_hs_20_8Z11Z14Z17Z_c","(8Z,11Z,14Z,17Z)-eicosatetraenoate (FA 20:4(8Z,11Z,14Z,17Z))"
"M_FA_hs_20_8Z11Z14Z17Z_e","(8Z,11Z,14Z,17Z)-eicosatetraenoate (FA 20:4(8Z,11Z,14Z,17Z))"
"M_FA_hs_20_9Z_c","(9Z)-eicosanoate (FA 20:1(9Z))"
"M_FA_hs_20_9Z_e","(9Z)-eicosanoate (FA 20:1(9Z))"
"M_FA_hs_21_0_c","Henicosanoate (FA 21:0)"
"M_FA_hs_21_0_e","Henicosanoate (FA 21:0)"
"M_FA_hs_22_0_c","Docosanoate (FA 22:0)"
"M_FA_hs_22_0_e","Docosanoate (FA 22:0)"
"M_FA_hs_22_10Z13Z16Z_c","(10Z,13Z,16Z)-docosatrienoate (FA 22:3(10Z,13Z,16Z))"
"M_FA_hs_22_10Z13Z16Z_e","(10Z,13Z,16Z)-docosatrienoate (FA 22:3(10Z,13Z,16Z))"
"M_FA_hs_22_10Z13Z16Z19Z_c","(10Z,13Z,16Z,19Z)-docosatetraenoate (FA 22:4(10Z,13Z,16Z,19Z))"
"M_FA_hs_22_10Z13Z16Z19Z_e","(10Z,13Z,16Z,19Z)-docosatetraenoate (FA 22:4(10Z,13Z,16Z,19Z))"
"M_FA_hs_22_11Z_c","(11Z)-docosenoate (FA 22:1(11Z))"
"M_FA_hs_22_11Z_e","(11Z)-docosenoate (FA 22:1(11Z))"
"M_FA_hs_22_13Z_c","(13Z)-docosenoate (FA 22:1(13Z))"
"M_FA_hs_22_13Z_e","(13Z)-docosenoate (FA 22:1(13Z))"
"M_FA_hs_22_13Z16Z_c","(13Z,16Z)-docosadienoate (FA 22:2(13Z,16Z))"
"M_FA_hs_22_13Z16Z_e","(13Z,16Z)-docosadienoate (FA 22:2(13Z,16Z))"
"M_FA_hs_22_13Z16Z19Z_c","(13Z,16Z,19Z)-docosatrienoate (FA 22:3(13Z,16Z,19Z))"
"M_FA_hs_22_13Z16Z19Z_e","(13Z,16Z,19Z)-docosatrienoate (FA 22:3(13Z,16Z,19Z))"
"M_FA_hs_22_22O_c","22-oxo-docosanoate (FA 22:1;O)"
"M_FA_hs_22_22OH_c","22-hydroxy-docosanoate (FA 22:0;O)"
"M_FA_hs_22_4Z7Z10Z13Z16Z_c","(4Z,7Z,10Z,13Z,16Z)-docosapentaenoate (FA 22:5(4Z,7Z,10Z,13Z,16Z))"
"M_FA_hs_22_4Z7Z10Z13Z16Z_e","(4Z,7Z,10Z,13Z,16Z)-docosapentaenoate (FA 22:5(4Z,7Z,10Z,13Z,16Z))"
"M_FA_hs_22_4Z7Z10Z13Z16Z19Z_c","(4Z,7Z,10Z,13Z,16Z,19Z)-docosahexaenoate (FA 22:6(4Z,7Z,10Z,13Z,16Z,19Z))"
"M_FA_hs_22_4Z7Z10Z13Z16Z19Z_e","(4Z,7Z,10Z,13Z,16Z,19Z)-docosahexaenoate (FA 22:6(4Z,7Z,10Z,13Z,16Z,19Z))"
"M_FA_hs_22_4Z7Z10Z13Z16Z19Zr_c","(4Z,7Z,10Z,13Z,16Z,19Z)-docosahexaenoate (FA 22:6(4Z,7Z,10Z,13Z,16Z,19Z)) radical"
"M_FA_hs_22_4Z7Z10Z13Z16Z19Zroo_c","(4Z,7Z,10Z,13Z,16Z,19Z)-docosahexaenoate (FA 22:6(4Z,7Z,10Z,13Z,16Z,19Z)) peroxyl radical"
"M_FA_hs_22_7Z10Z13Z16Z_c","(7Z,10Z,13Z,16Z)-docosatetraenoate (FA 22:4(7Z,10Z,13Z,16Z))"
"M_FA_hs_22_7Z10Z13Z16Z_e","(7Z,10Z,13Z,16Z)-docosatetraenoate (FA 22:4(7Z,10Z,13Z,16Z))"
"M_FA_hs_22_7Z10Z13Z16Z19Z_c","Docosapentaenoate (FA 22:5(7Z,10Z,13Z,16Z,19Z))"
"M_FA_hs_22_7Z10Z13Z16Z19Z_e","Docosapentaenoate (FA 22:5(7Z,10Z,13Z,16Z,19Z))"
"M_FA_hs_22_DC_c","Docosanedioate (FA 22:1;O2)"
"M_FA_hs_23_0_c","Tricosanoate (FA 23:0)"
"M_FA_hs_23_0_e","Tricosanoate (FA 23:0)"
"M_FA_hs_24_0_c","Tetracosanoate (FA 24:0)"
"M_FA_hs_24_0_e","Tetracosanoate (FA 24:0)"
"M_FA_hs_24_12Z15Z18Z21Z_c","(12Z,15Z,18Z,21Z)-tetracosatetraenoate (FA 20:4(12Z,15Z,18Z,21Z))"
"M_FA_hs_24_12Z15Z18Z21Z_e","(12Z,15Z,18Z,21Z)-tetracosatetraenoate (FA 20:4(12Z,15Z,18Z,21Z))"
"M_FA_hs_24_15Z_c","Tetracosenoate (FA 24:1(15Z))"
"M_FA_hs_24_15Z_e","Tetracosenoate (FA 24:1(15Z))"
"M_FA_hs_24_6Z9Z12Z15Z18Z_c","(6Z,9Z,12Z,15Z,18Z)-tetracosapentaenoate (FA 20:5(6Z,9Z,12Z,15Z,18Z))"
"M_FA_hs_24_6Z9Z12Z15Z18Z_e","(6Z,9Z,12Z,15Z,18Z)-tetracosapentaenoate (FA 20:5(6Z,9Z,12Z,15Z,18Z))"
"M_FA_hs_24_6Z9Z12Z15Z18Z21Z_c","(6Z,9Z,12Z,15Z,18Z,21Z)-tetracosahexaenoate (FA 24:6(6Z,9Z,12Z,15Z,18Z,21Z))"
"M_FA_hs_24_6Z9Z12Z15Z18Z21Z_e","(6Z,9Z,12Z,15Z,18Z,21Z)-tetracosahexaenoate (FA 24:6(6Z,9Z,12Z,15Z,18Z,21Z))"
"M_FA_hs_24_9Z12Z15Z18Z_c","(9Z,12Z,15Z,18Z)-tetracosatetraenoate (FA 20:4(9Z,12Z,15Z,18Z)))"
"M_FA_hs_24_9Z12Z15Z18Z_e","(9Z,12Z,15Z,18Z)-tetracosatetraenoate (FA 20:4(9Z,12Z,15Z,18Z)))"
"M_FA_hs_24_9Z12Z15Z18Z21Z_c","(9Z,12Z,15Z,18Z,21Z)-tetracosapentaenoate (FA 24:5(9Z,12Z,15Z,18Z,21Z))"
"M_FA_hs_24_9Z12Z15Z18Z21Z_e","(9Z,12Z,15Z,18Z,21Z)-tetracosapentaenoate (FA 24:5(9Z,12Z,15Z,18Z,21Z))"
"M_FA_hs_26_0_c","Hexacosanoate (FA 26:0)"
"M_FA_hs_26_0_e","Hexacosanoate (FA 26:0)"
"M_FA_hs_26_17Z_c","Hexacosenoate (FA 26:1(17Z))"
"M_FA_hs_26_17Z_e","Hexacosenoate (FA 26:1(17Z))"
"M_FA_hs_c","FA"
"M_FAcoa_10_DC_c","Decanedioyl-CoA (CoA 10:1;O2)"
"M_FAcoa_12_DC_c","Dodecanedioyl-CoA (CoA 12:1;O2)"
"M_FAcoa_16_DC_c","Hexadecanedioyl-CoA (CoA 16:1;O2)"
"M_FAcoa_4_2M_c","Isobutyryl-CoA (CoA 4:0)"
"M_FAcoa_4_DC_c","Succinyl-CoA (CoA 4:1;O2)"
"M_FAcoa_5_2E2M_c","Tiglyl-CoA (CoA 5:1(2E))"
"M_FAcoa_5_2EDC_c","Glutaconyl-CoA (CoA 5:2(2E);O2)"
"M_FAcoa_5_2M_c","2-methylbutyryl-CoA (CoA 5:0)"
"M_FAcoa_5_3M3OH__S_c","(3S)-hydroxy-isovaleryl-CoA (CoA 5:0;O)"
"M_FAcoa_5_DC_c","Glutaryl-CoA (CoA 5:1;O2)"
"M_FAcoa_6_DC_c","Hexanedioyl-CoA (CoA 6:1;O2)"
"M_FAcoa_7_DC_c","Heptanedioyl-CoA (CoA 7:1;O2)"
"M_FAcoa_8_DC_c","Octanedioyl-CoA (CoA 8:1;O2)"
"M_FAcoa_hs_10_0_c","Decanoyl-CoA (CoA 10:0)"
"M_FAcoa_hs_10_2E_c","(2E)-decenoyl-CoA"
"M_FAcoa_hs_10_2E6Z_c","(2E,6Z)-decadienoyl-CoA (CoA 10:2(2E,6Z))"
"M_FAcoa_hs_10_3OH__S_c","(3S)-hydroxydecanoyl-CoA (CoA 10:0;O)"
"M_FAcoa_hs_11_0_c","Undecanoyl-CoA (CoA 11:0)"
"M_FAcoa_hs_12_0_c","Dodecanoyl-CoA (CoA 12:0)"
"M_FAcoa_hs_12_2E_c","(2E)-dodecenoyl-CoA (CoA 12:1(2E))"
"M_FAcoa_hs_12_3OH__S_c","(3S)-hydroxy-dodecanoyl-CoA (CoA 12:0;O)"
"M_FAcoa_hs_13_0_c","Tridecanoyl-CoA (CoA 13:0)"
"M_FAcoa_hs_14_0_c","Tetradecanoyl-CoA (CoA 14:0)"
"M_FAcoa_hs_14_2E_c","(2E)-tetradecenoyl-CoA (CoA 14:1(2E))"
"M_FAcoa_hs_14_3OH__S_c","(3S)-hydroxy-tetradecanoyl-CoA (CoA 14:0;O)"
"M_FAcoa_hs_14_5E8Z_c","(5E,8Z)-tetradecadienoyl-CoA (CoA 14:2(5E,8Z))"
"M_FAcoa_hs_14_5E8Z3OH__S_c","(3S)-hydroxy-(5E,8Z)-Tetradecadienoyl-CoA (CoA 14:2(5E,8Z);O)"
"M_FAcoa_hs_14_5Z_c","(5Z)-tetradecenoyl-CoA (CoA 14:1(5Z))"
"M_FAcoa_hs_14_7Z_c","(7Z)-tetradecenoyl-CoA (CoA 14:1(7Z)"
"M_FAcoa_hs_14_7Z3OH__S_c","(3S)-hydroxy-(7Z)-tetradecenoyl-CoA (CoA 14:1(7Z);O)"
"M_FAcoa_hs_14_9Z_c","(9Z)-tetradecenoyl-CoA (CoA 14:1(9Z)"
"M_FAcoa_hs_15_0_c","Pentadecanoyl-CoA (CoA 15:0)"
"M_FAcoa_hs_16_0_c","Hexadecanoyl-CoA (CoA 16:0)"
"M_FAcoa_hs_16_2E_c","(2E)-hexadecenoyl-CoA (CoA 16:1(2E))"
"M_FAcoa_hs_16_3O_c","3-oxo-hexadecanoyl-CoA (CoA 16:1;O)"
"M_FAcoa_hs_16_3OH__R_c","(3R)-hydroxyhexadecanoyl-CoA (CoA 16:0;O)"
"M_FAcoa_hs_16_3OH__S_c","(3S)-hydroxyhexadecanoyl-CoA (CoA 16:0;O)"
"M_FAcoa_hs_16_7E10Z3OH__S_c","(3S)-hydroxy-(7E,10Z)-hexadecadienoyl-CoA (CoA 16:2(7E,10Z);O)"
"M_FAcoa_hs_16_7Z_c","(7Z)-hexadecenoyl-CoA (CoA 16:1(7Z))"
"M_FAcoa_hs_16_9Z_c","(9Z)-hexadecenoyl-CoA (CoA 16:1(9Z))"
"M_FAcoa_hs_16_9Z3OH__S_c","(3S)-hydroxy-(9Z)-hexadecenoyl-CoA (CoA 16:1(9Z);O)"
"M_FAcoa_hs_17_0_c","Heptadecanoyl-CoA (CoA 17:0)"
"M_FAcoa_hs_17_10Z_c","(10Z)-heptadecenoyl-CoA (CoA 17:1(10Z))"
"M_FAcoa_hs_17_2E_c","(2E)-heptadecenoyl-CoA (CoA 17:1(2E);O))"
"M_FAcoa_hs_17_3O_c","3-oxoheptadecanoyl-CoA (CoA 17:1;O))"
"M_FAcoa_hs_17_3OH__R_c","(3R)-hydroxyheptadecanoyl-CoA (CoA 17:0;O))"
"M_FAcoa_hs_17_9Z_c","(9Z)-heptadecenoyl-CoA (CoA 17:1(9Z))"
"M_FAcoa_hs_18_0_c","Octadecanoyl-CoA (CoA 18:0)"
"M_FAcoa_hs_18_11Z_c","(11Z)-octadecenoyl-CoA (CoA 18:1(11Z))"
"M_FAcoa_hs_18_13Z_c","(13Z)-octadecenoyl-CoA (CoA 18:1(13Z))"
"M_FAcoa_hs_18_2E_c","(2E)-octadecenoyl-CoA (CoA 18:1(2E))"
"M_FAcoa_hs_18_3O_c","3-oxooctadecanoyl-CoA (CoA 18:1:O)"
"M_FAcoa_hs_18_3OH__R_c","(3R)-hydroxyoctadecanoyl-CoA (CoA 18:0:O)"
"M_FAcoa_hs_18_3OH__S_c","(3S)-hydroxy-octadecanoyl-CoA (CoA 18:0;O)"
"M_FAcoa_hs_18_6Z9Z_c","(6Z,9Z)-octadecadienoyl-CoA (CoA 18:2(6Z,9Z))"
"M_FAcoa_hs_18_6Z9Z12Z_c","(6Z,9Z,12Z)-octadecatrienoyl-CoA CoA(18:3(6Z,9Z,12Z))"
"M_FAcoa_hs_18_6Z9Z12Z15Z_c","(6Z,9Z,12Z,15Z)-octadecatetraenoyl-CoA (CoA 18:4(6Z,9Z,12Z,15Z))"
"M_FAcoa_hs_18_7Z_c","(7Z)-octadecenoyl-CoA (CoA 18:1(7Z))"
"M_FAcoa_hs_18_9E_c","(9E)-octadecenoyl-CoA (CoA 18:1(9E))"
"M_FAcoa_hs_18_9Z_c","(9Z)-octadecenoyl-CoA (CoA 18:1(9Z))"
"M_FAcoa_hs_18_9Z12Z_c","(9Z,12Z)-octadecadienoyl-CoA (CoA 18:2(9Z,12Z))"
"M_FAcoa_hs_18_9Z12Z15Z_c","(9Z,12Z,15Z)-octadecatrienoyl-CoA (CoA 18:3(9Z,12Z,15Z))"
"M_FAcoa_hs_18_9Z12Z3OH__S_c","(3S)-hydroxy(9Z,12Z)-octadecadienoyl-CoA (CoA 18:2(9Z,12Z);O)"
"M_FAcoa_hs_18_9Z3OH__S_c","(3S)-hydroxy-(9Z)-octadecenoyl-CoA (CoA 18:1(9Z);O)"
"M_FAcoa_hs_19_0_c","Nonadecanoyl-CoA (CoA 19:0)"
"M_FAcoa_hs_19_2E_c","(2E)-nonadecenoyl-CoA (CoA 19:1(2E))"
"M_FAcoa_hs_19_3O_c","3-oxononadecanoyl-CoA (CoA 19:1;O)"
"M_FAcoa_hs_19_3OH__R_c","(3R)-hydroxynonadecanoyl-CoA (CoA 19:0;O)"
"M_FAcoa_hs_20_0_c","Eicosanoyl-CoA"
"M_FAcoa_hs_20_11Z_c","(11Z)-eicosenoyl-CoA (CoA 20:1(11Z))"
"M_FAcoa_hs_20_11Z14Z_c","(11Z,14Z)-eicosadienoyl-CoA (CoA 20:2(11Z,14Z))"
"M_FAcoa_hs_20_11Z14Z17Z_c","(11Z,14Z,17Z)-eicosatrienoyl-CoA (CoA 20:3(11Z,14Z,17Z))"
"M_FAcoa_hs_20_11Z14Z17Z3O_c","3-oxo-(11Z,14Z,17Z)-eicosatrienoyl-CoA"
"M_FAcoa_hs_20_11Z14Z17Z3OH__R_c","(3R)-hydroxy-(11Z,14Z,17Z)-eicosatrienoyl-CoA"
"M_FAcoa_hs_20_11Z14Z3O_c","3-oxo-(11Z,14Z)-eicosadienoyl-CoA "
"M_FAcoa_hs_20_11Z14Z3OH__R_c","(3R)-hydroxy-(11Z,14Z)-eicosadienoyl-CoA"
"M_FAcoa_hs_20_11Z3O_c","3-oxo-(11Z)-eicosenoyl-CoA (CoA 20:2(11Z);O)"
"M_FAcoa_hs_20_11Z3OH__R_c","(3R)-hydroxy-(11Z)-eicosenoyl-CoA (CoA 20:1(11Z);O)"
"M_FAcoa_hs_20_13Z_c","(13Z)-eicosenoyl-CoA (CoA 20:1(13Z))"
"M_FAcoa_hs_20_13Z3O_c","3-oxo-(13Z)-eicosenoyl-CoA (CoA 20:2(13Z))"
"M_FAcoa_hs_20_13Z3OH__R_c","(3R)-hydroxy-(13Z)-eicosenoyl-CoA (CoA 20:1(13Z);O)"
"M_FAcoa_hs_20_2E_c","(2E)-eicosenoyl-CoA (CoA 20:1(2E))"
"M_FAcoa_hs_20_2E11Z_c","(2E,11Z)-eicosadienoyl-CoA (CoA 20:2(2E,11Z))"
"M_FAcoa_hs_20_2E11Z14Z_c","(2E,11Z,14Z)-eicosatrienoyl-CoA (CoA 20:3(2E,11Z,14Z))"
"M_FAcoa_hs_20_2E11Z14Z17Z_c","(2E,11Z,14Z,17Z)-eicosatetraenoyl-CoA (CoA 20:4(2E,11Z,14Z,17Z))"
"M_FAcoa_hs_20_2E13Z_c","(2E,13Z)-eicosadienoyl-CoA (CoA 20:2(2E,13Z))"
"M_FAcoa_hs_20_2E8Z11Z_c","(2E,8Z,11Z)-eicosatrienoyl-CoA (CoA 20:3(2E,8Z,11Z))"
"M_FAcoa_hs_20_2E8Z11Z14Z_c","(2E,8Z,11Z,14Z)-eicosatetraenoyl-CoA (CoA 20:4(2E,8Z,11Z,14Z))"
"M_FAcoa_hs_20_2E8Z11Z14Z17Z_c","(2E,8Z,11Z,14Z,17Z)-eicosapentaenoyl-CoA (CoA 20:5(2E,8Z,11Z,14Z,17Z))"
"M_FAcoa_hs_20_2E9Z_c","(2E,9Z)-eicosadienoyl-CoA (CoA 20:2(2E,9Z))"
"M_FAcoa_hs_20_3O_c","3-oxo-eicosanoyl-CoA (CoA 20:1;O)"
"M_FAcoa_hs_20_3OH__R_c","3-hydroxy-eicosanoyl-CoA (CoA 20:0;O)"
"M_FAcoa_hs_20_5Z8Z11Z_c","(5Z,8Z,11Z)-eicosatrienoyl-CoA (CoA 20:3(5Z,8Z,11Z))"
"M_FAcoa_hs_20_5Z8Z11Z14Z_c","(5Z,8Z,11Z,14Z)-eicosatetraenoyl-CoA (CoA 20:4(5Z,8Z,11Z,14Z))"
"M_FAcoa_hs_20_5Z8Z11Z14Z17Z_c","(5Z,8Z,11Z,14Z,17Z)-eicosapentaenoyl-CoA (CoA 20:5(5Z,8Z,11Z,14Z,17Z))"
"M_FAcoa_hs_20_8Z11Z_c","(8Z,11Z)-eicosadienoyl-CoA (CoA 20:2(8Z,11Z))"
"M_FAcoa_hs_20_8Z11Z14Z_c","(8Z,11Z,14Z)-eicosatrienoyl-CoA (CoA 20:3(8Z,11Z,14Z))"
"M_FAcoa_hs_20_8Z11Z14Z17Z_c","(8Z,11Z,14Z,17Z)-eicosatetraenoyl-CoA (CoA 20:4(8Z,11Z,14Z,17Z))"
"M_FAcoa_hs_20_8Z11Z14Z17Z3O_c","3-oxo-(8Z,11Z,14Z,17Z)-eicosatetraenoyl-CoA (CoA 20:5(8Z,11Z,14Z,17Z);O)"
"M_FAcoa_hs_20_8Z11Z14Z17Z3OH__R_c","(3R)-hydroxy-(8Z,11Z,14Z,17Z)-eicosatetraenoyl-CoA (CoA 20:4(8Z,11Z,14Z,17Z);O)"
"M_FAcoa_hs_20_8Z11Z14Z3O_c","3-oxo-(8Z,11Z,14Z)-eicosatrienoyl-CoA (CoA 20:4(8Z,11Z,14Z);O)"
"M_FAcoa_hs_20_8Z11Z14Z3OH__R_c","(3R)-hydroxy-(8Z,11Z,14Z)-eicosatrienoyl-CoA (CoA 20:3(8Z,11Z,14Z);O)"
"M_FAcoa_hs_20_8Z11Z3O_c","3-oxo-(8Z,11Z)-eicosadienoyl-CoA (CoA 20:3;O)"
"M_FAcoa_hs_20_8Z11Z3OH__R_c","(3R)-hydroxy-(8Z,11Z)-eicosadienoyl-CoA (CoA 20:2(8Z,11Z);O)"
"M_FAcoa_hs_20_9Z_c","(9Z)-eicosenoyl-CoA (CoA 20:1(9Z))"
"M_FAcoa_hs_20_9Z3O_c","3-oxo-(9Z)-eicosenoyl-CoA (CoA 20:2(9Z);O)"
"M_FAcoa_hs_20_9Z3OH__R_c","(3R)-hydroxy-(9Z)-eicosenoyl-CoA (CoA 20:1(9Z);O)"
"M_FAcoa_hs_21_0_c","Heneicosanoyl-CoA (CoA 21:0)"
"M_FAcoa_hs_21_2E_c","(2E)-heneicosenoyl-CoA (CoA 21:1(2E))"
"M_FAcoa_hs_21_3O_c","3-oxoheneicosanoyl-CoA (CoA 21:1;O)"
"M_FAcoa_hs_21_3OH__R_c","(3R)-hydroxyheneicosanoyl-CoA (CoA 21:0;O)"
"M_FAcoa_hs_22_0_c","Docosanoyl-CoA (CoA 22:0)"
"M_FAcoa_hs_22_10Z13Z16Z_c","(10Z,13Z,16Z)-docosatrienoyl-CoA (CoA 22:3(10Z,13Z,16Z))"
"M_FAcoa_hs_22_10Z13Z16Z19Z_c","(10Z,13Z,16Z,19Z)-docosatetraenoyl-CoA (CoA 22:4(10Z,13Z,16Z,19Z))"
"M_FAcoa_hs_22_10Z13Z16Z19Z3O_c","3-oxo-(10Z,13Z,16Z,19Z)-docosatetraenoyl-CoA (CoA 20:5(10Z,13Z,16Z,19Z);O)"
"M_FAcoa_hs_22_10Z13Z16Z19Z3OH__R_c","(3R)-hydroxy-(10Z,13Z,16Z,19Z)-docosatetraenoyl-CoA (CoA 20:5(10Z,13Z,16Z,19Z);O)"
"M_FAcoa_hs_22_10Z13Z16Z3O_c","3-oxo-(10Z,13Z,16Z)-docosatrienoyl-CoA (CoA 22:4(10Z,13Z,16Z);O)"
"M_FAcoa_hs_22_10Z13Z16Z3OH__R_c","(3R)-hydroxy-(10Z,13Z,16Z)-docosatrienoyl-CoA (CoA 22:3(10Z,13Z,16Z);O)"
"M_FAcoa_hs_22_11Z_c","(11Z)-docosenoyl-CoA (CoA 20:1(11Z))"
"M_FAcoa_hs_22_11Z3O_c","(3R)-oxo-(11Z)-docosenoyl-CoA (CoA 20:2(11Z);O)"
"M_FAcoa_hs_22_11Z3OH__R_c","(3R)-hydroxy-(11Z)-docosenoyl-CoA (CoA 20:1(11Z);O)"
"M_FAcoa_hs_22_13Z_c","(13Z)-docosenoyl-CoA (CoA 22:1(13Z))"
"M_FAcoa_hs_22_13Z16Z_c","(13Z,16Z)-docosadienoyl-CoA (CoA 22:2(13Z,16Z))"
"M_FAcoa_hs_22_13Z16Z19Z_c","(13Z,16Z,19Z)-docosatrienoyl-CoA (CoA 22:3(13Z,16Z,19Z))"
"M_FAcoa_hs_22_13Z16Z19Z3O_c","3-oxo-(13Z,16Z,19Z)-docosarienoyl-CoA (CoA 22:4(13Z,16Z,19Z);O)"
"M_FAcoa_hs_22_13Z16Z19Z3OH__R_c","(3R)-hydroxy-(13Z,16Z,19Z)-docosatrienoyl-CoA (CoA 22:3(13Z,16Z,19Z);O)"
"M_FAcoa_hs_22_13Z16Z3O_c","3-oxo-(13Z,16Z)-docasadienoyl-CoA (CoA 22:3(13Z,16Z);O)"
"M_FAcoa_hs_22_13Z16Z3OH__R_c","(3R)-hydroxy-(13Z,16Z)-docasadienoyl-CoA (CoA 22:2(13Z,16Z);O)"
"M_FAcoa_hs_22_13Z3O_c","3-oxo-(13Z)-docosenoyl-CoA (CoA 20:2;O)"
"M_FAcoa_hs_22_13Z3OH__R_c","(3R)-hydroxy-(13Z)-docosenoyl-CoA (CoA 20:1;O)"
"M_FAcoa_hs_22_2E_c","(2E)-docosenoyl-CoA (CoA 22:1(2E))"
"M_FAcoa_hs_22_2E10Z13Z16Z_c","(2E,10Z,13Z,16Z)-docosatetraenoyl-CoA (CoA 22:4(2E,10Z,13Z,16Z))"
"M_FAcoa_hs_22_2E10Z13Z16Z19Z_c","(2E,10Z,13Z,16Z,19Z)-docosapentaenoyl-CoA (CoA 22:5(2E,10Z,13Z,16Z,19Z))"
"M_FAcoa_hs_22_2E11Z_c","(2E,11Z)-docosadienoyl-CoA (CoA 20:2(2E,11Z))"
"M_FAcoa_hs_22_2E13Z_c","(2E,13Z)-docosadienoyl-CoA (CoA 22:2(2E,13Z))"
"M_FAcoa_hs_22_2E13Z16Z_c","(2E,13Z,16Z)-docasatrienoyl-CoA (CoA 22:3(2E,13Z,16Z))"
"M_FAcoa_hs_22_2E13Z16Z19Z_c","(2E,13Z,16Z,19Z)-docosatetraenoyl-CoA (CoA 22:4(2E,13Z,16Z,19Z))"
"M_FAcoa_hs_22_2E7Z10Z13Z16Z_c","(2E,7Z,10Z,13Z,16Z)-docosapentaenoyl-CoA (CoA 22:5(2E,7Z,10Z,13Z,16Z))"
"M_FAcoa_hs_22_2E7Z10Z13Z16Z19Z_c","(2E,7Z,10Z,13Z,16Z,19Z)-docosahexaenoyl-CoA (CoA 22:6(2E,7Z,10Z,13Z,16Z,19Z))"
"M_FAcoa_hs_22_3O_c","3-oxodocosanoyl-CoA (CoA 22:1;O)"
"M_FAcoa_hs_22_3OH__R_c","(3R)-hydroxydocosanoyl-CoA (CoA 22:0;O)"
"M_FAcoa_hs_22_4Z7Z10Z13Z16Z_c","(4Z,7Z,10Z,13Z,16Z)-docosapentaenoyl-CoA (CoA 20:5(4Z,7Z,10Z,13Z,16Z))"
"M_FAcoa_hs_22_4Z7Z10Z13Z16Z19Z_c","(4Z,7Z,10Z,13Z,16Z,19Z)-docosahexaenoyl-CoA (CoA 22:6(4Z,7Z,10Z,13Z,16Z,19Z))"
"M_FAcoa_hs_22_7Z10Z13Z16Z_c","(7Z,10Z,13Z,16Z)-docosatetraenoyl-CoA (CoA 22:4(7Z,10Z,13Z,16Z))"
"M_FAcoa_hs_22_7Z10Z13Z16Z19Z_c","(7Z,10Z,13Z,16Z,19Z)-docosapentaenoyl-CoA (CoA 22:5(7Z,10Z,13Z,16Z,19Z))"
"M_FAcoa_hs_22_7Z10Z13Z16Z19Z3O_c","3-oxo-(7Z,10Z,13Z,16Z,19Z)docosapentaenoyl-CoA (CoA 22:6(7Z,10Z,13Z,16Z,19Z);O)"
"M_FAcoa_hs_22_7Z10Z13Z16Z19Z3OH__R_c","(3R)-hydroxy-(7Z,10Z,13Z,16Z,19Z)-docosapentaenoyl-CoA (CoA 22:5(7Z,10Z,13Z,16Z,19Z);O)"
"M_FAcoa_hs_22_7Z10Z13Z16Z3O_c","3-oxo-(7Z,10Z,13Z,16Z)-docosatetraenoyl-CoA (CoA 22:5(7Z,10Z,13Z,16Z);O)"
"M_FAcoa_hs_22_7Z10Z13Z16Z3OH__R_c","(3R)-hydroxy-(7Z,10Z,13Z,16Z)-docosatetraenoyl-CoA (CoA 22:4(7Z,10Z,13Z,16Z);O)"
"M_FAcoa_hs_23_0_c","Tricosanoyl-CoA"
"M_FAcoa_hs_23_2E_c","(2E)-tricosenoyl-CoA (CoA 23:1(2E))"
"M_FAcoa_hs_23_3O_c","3-oxotricosanoyl-CoA (CoA 23:1;O)"
"M_FAcoa_hs_23_3OH__R_c","(3R)-hydroxytricosanoyl-CoA (CoA 23:0;O)"
"M_FAcoa_hs_24_0_c","Tetracosanoyl-CoA (CoA 24:0)"
"M_FAcoa_hs_24_12Z15Z18Z21Z_c","(12Z,15Z,18Z,21Z)-tetracosatetraenoyl-CoA (CoA 24:4(12Z,15Z,18Z,21Z))"
"M_FAcoa_hs_24_12Z15Z18Z21Z3O_c","3-oxo-(12Z,15Z,18Z,21Z)-tetracosatetraenoyl-CoA (CoA 24:5(12Z,15Z,18Z,21Z);O)"
"M_FAcoa_hs_24_12Z15Z18Z21Z3OH__R_c","(3R)-hydroxy-(12Z,15Z,18Z,21Z)-tetracosatetraenoyl-CoA (CoA 24:4(12Z,15Z,18Z,21Z);O)"
"M_FAcoa_hs_24_15Z_c","(15Z)-tetracosenoyl-CoA (CoA 24:1(15Z))"
"M_FAcoa_hs_24_15Z3O_c","3-oxo-(15Z)-tetracosaenoyl-CoA (CoA 24:2(15Z);O)"
"M_FAcoa_hs_24_15Z3OH__R_c","(3R)-hydroxy-(15Z)-tetracosaenoyl-CoA (CoA 24:1(15Z);O)"
"M_FAcoa_hs_24_2E_c","(2E)-tetracosenoyl-CoA (CoA 24:1(2E))"
"M_FAcoa_hs_24_2E12Z15Z18Z21Z_c","(2E,12Z,15Z,18Z,21Z)-tetracosapentaenoyl-CoA (CoA 24:5(2E,12Z,15Z,18Z,21Z))"
"M_FAcoa_hs_24_2E15Z_c","(2E,15Z)-tetracosadienoyl-CoA (CoA 24:2(2E,15Z))"
"M_FAcoa_hs_24_2E9Z12Z15Z18Z_c","(2E,9Z,12Z,15Z,18Z)-tetracosapentaenoyl-CoA (CoA 24:5(2E,9Z,12Z,15Z,18Z))"
"M_FAcoa_hs_24_2E9Z12Z15Z18Z21Z_c","(2E,9Z,12Z,15Z,18Z,21Z)-tetracosahexaenoyl-CoA (CoA 24:6(2E,9Z,12Z,15Z,18Z,21Z))"
"M_FAcoa_hs_24_3O_c","3-oxotetracosanoyl-CoA (CoA 24:1;O)"
"M_FAcoa_hs_24_3OH__R_c","(3R)-hydroxytetracosanoyl-CoA (CoA 24:0;O)"
"M_FAcoa_hs_24_6Z9Z12Z15Z18Z_c","(6Z,9Z,12Z,15Z,18Z)-tetracosapentaenoyl-CoA (CoA 24:5(6Z,9Z,12Z,15Z,18Z))"
"M_FAcoa_hs_24_6Z9Z12Z15Z18Z21Z_c","(6Z,9Z,12Z,15Z,18Z,21Z)-tetracosahexaenoyl-CoA"
"M_FAcoa_hs_24_9Z12Z15Z18Z_c","(9Z,12Z,15Z,18Z)-tetracosatetraenoyl-CoA (CoA 20:4(9Z,12Z,15Z,18Z))"
"M_FAcoa_hs_24_9Z12Z15Z18Z21Z_c","(9Z,12Z,15Z,18Z,21Z)-tetracosapentaenoyl-CoA (CoA 24:5(9Z,12Z,15Z,18Z,21Z))"
"M_FAcoa_hs_24_9Z12Z15Z18Z21Z3O_c","3-oxo-(9Z,12Z,15Z,18Z,21Z)-tetracosapentaenoyl-CoA (CoA 20:6(9Z,12Z,15Z,18Z,21Z);O)"
"M_FAcoa_hs_24_9Z12Z15Z18Z21Z3OH__R_c","(3R)-hydroxy-(9Z,12Z,15Z,18Z,21Z)-tetracosapentaenoyl-CoA (CoA 20:5(9Z,12Z,15Z,18Z,21Z);O)"
"M_FAcoa_hs_24_9Z12Z15Z18Z3O_c","3-oxo-(9Z,12Z,15Z,18Z)-tetracosatetraenoyl-CoA"
"M_FAcoa_hs_24_9Z12Z15Z18Z3OH__R_c","(3R)-hydroxy-(9Z,12Z,15Z,18Z)-tetracosatetraenoyl-CoA"
"M_FAcoa_hs_26_0_c","Hexacosanoyl-CoA (CoA 26:0)"
"M_FAcoa_hs_26_17Z_c","(9Z)-hexacosenoyl-CoA (CoA 26:1(9Z))"
"M_FAcoa_hs_26_17Z3O_c","3-oxo-hexacosenoyl-CoA (CoA 26:2(17Z);O)"
"M_FAcoa_hs_26_17Z3OH__R_c","(3R)-hydroxy-hexacosenoyl-CoA (CoA 26:1(17Z);O)"
"M_FAcoa_hs_26_2E_c","(2E)-hexacosenoyl-CoA (CoA 26:1(2E))"
"M_FAcoa_hs_26_2E17Z_c","(2E,17Z)-hexacosadienoyl-CoA (CoA 26:2(2E,17Z))"
"M_FAcoa_hs_26_3O_c","3-oxohexacosanoyl-CoA (CoA 26:1;O)"
"M_FAcoa_hs_26_3OH__R_c","(3R)-hydroxyhexacosanoyl-CoA (CoA 26:0;O)"
"M_FAcoa_hs_3_2E_c","(2E)-propenoyl-CoA (CoA 3:1(2E))"
"M_FAcoa_hs_3_3OH__S_c","3-hydroxypropanoyl-CoA (CoA 3:0;O)"
"M_FAcoa_hs_4_2E_c","(2E)-butenoyl-CoA (CoA 4:1(2E))"
"M_FAcoa_hs_4_3OH__R_c","(R)-3-hydroxy-butanoyl-CoA (CoA 4:0;O)"
"M_FAcoa_hs_5_0_c","Pentanoyl-CoA (CAR 5:0)"
"M_FAcoa_hs_6_0_c","Hexanoyl-CoA (CAR 6:0)"
"M_FAcoa_hs_6_2E_c","(2E)-hexenoyl-CoA (CoA 6:1(2E))"
"M_FAcoa_hs_6_3OH__S_c","(3S)-hydroxy-hexanoylcarnitine (CAR 6:0;O)"
"M_FAcoa_hs_7_0_c","Heptanoyl-CoA (CoA 7:0)"
"M_FAcoa_hs_7_3OH__S_c","(3S)-hydroxy-heptanoylcarnitine (CAR 7:0;O)"
"M_FAcoa_hs_8_0_c","Octanoyl-CoA (CoA 8:0)"
"M_FAcoa_hs_8_2E_c","Octenoyl-CoA (CoA 8:1(2E))"
"M_FAcoa_hs_8_3OH__S_c","(3S)-hydroxy-octanoyl-CoA (CoA 8:0;O)"
"M_FAcoa_hs_9_0_c","Nonanoyl-CoA (CoA 9:0)"
"M_FAcoa_hs_9_3OH__S_c","(3S)-hydroxy-nonanoyl-CoA (CoA 9:0;O)"
"M_FAcoa_hs_c","CoA"
"M_FAcrn_10_DC_c","Sebacoylcarnitine (CAR 10:1;O2)"
"M_FAcrn_12_DC_c","Dodecanedioylcarnitine (CAR 12:1;O2)"
"M_FAcrn_16_DC_c","Hexadecanedioylcarnitine (CAR 16:1;O2)"
"M_FAcrn_4_2M_c","Isobutyrylcarnitine (CAR 4:0)"
"M_FAcrn_4_DC_c","Succinylcarnitine (CAR 4:1;O2)"
"M_FAcrn_5_2E2M_c","Tiglyl carnitine (CAR 5:1(2E))"
"M_FAcrn_5_2EDC_c","Glutaconylcarnitine (CAR 5:1(2E);O2)"
"M_FAcrn_5_2M_c","2-methylbutyrylcarnitine (CAR 5:0) "
"M_FAcrn_5_3M3OH__S_c","(3S)-hydroxy-3-isovalerylcarnitine (CAR 5:0;O)"
"M_FAcrn_5_DC_c","Glutarylcarnitine (CAR 5:1;O2)"
"M_FAcrn_6_DC_c","Adipoylcarnitine (CAR 6:1;O2)"
"M_FAcrn_7_DC_c","Pimeloylcarnitine (CAR 7:1;O2)"
"M_FAcrn_8_DC_c","Suberylcarnitine (CAR 8:1;O2)"
"M_FAcrn_hs_10_0_c","Decanoylcarntine (CAR 10:0)"
"M_FAcrn_hs_10_2E_c","Decenoylcarntine (CAR 10:1(2E))"
"M_FAcrn_hs_10_2E6Z_c","(2E,6Z)-decadienoylcarnitine (CAR 10:2(2E,6Z))"
"M_FAcrn_hs_10_3OH__S_c","(3S)-hydroxy-decanoylcarnitine (CAR 12:0;O)"
"M_FAcrn_hs_11_0_c","Undecanoylcarnitine (CAR 11:0)"
"M_FAcrn_hs_12_0_c","Dodecanoylcarnitine (CAR 12:0)"
"M_FAcrn_hs_12_2E_c","(2E)-dodecenoylcarnitine (CAR 12:1(2E))"
"M_FAcrn_hs_12_3OH__S_c","(3S)-hydroxy-dodecanoylcarnitine (CAR 12:0;O)"
"M_FAcrn_hs_13_0_c","Tridecanoylcarnitine (CAR 13:0)"
"M_FAcrn_hs_14_0_c","Tetradecanoylcarnitine (CAR 14:0)"
"M_FAcrn_hs_14_2E_c","(2E)-tetradecenoylcarnitine (CAR 14:1(2E))"
"M_FAcrn_hs_14_3OH__S_c","(3S)-hydroxy-tetradecanoylcarnitine (CAR 14:0;O)"
"M_FAcrn_hs_14_5E8Z_c","(5E,8Z)-tetradecadienoylcarnitine (CAR 14:2(5E,8Z))"
"M_FAcrn_hs_14_5E8Z3OH__S_c","(3S)-hydroxy-(5E,8Z)-tetradecadienoylcarnitine (CAR 14:2(5E,8Z);O)"
"M_FAcrn_hs_14_5Z_c","(5Z)-tetradecenoylcarnitine (CAR 14:1(5Z))"
"M_FAcrn_hs_14_7Z_c","(7Z)-tetradecenoylcarnitine (CAR 14:1(7Z))"
"M_FAcrn_hs_14_7Z3OH__S_c","(3S)-hydroxy-(7Z)-tetradecenoylcarnitine (CAR 14:1(7Z);O)"
"M_FAcrn_hs_14_9Z_c","(9Z)-tetradecenoylcarnitine (CAR 14:1(9Z))"
"M_FAcrn_hs_15_0_c","Pentadecanoylcarnitine (CAR 15:0)"
"M_FAcrn_hs_16_0_c","Hexadecanoylcarnitine (CAR 16:0)"
"M_FAcrn_hs_16_2E_c","(2E)-hexadecenoylcarnitine (CAR 16:1(2E))"
"M_FAcrn_hs_16_3OH__S_c","(3S)-hydroxy-hexadecanoylcarnitine (CAR 16:1;O)"
"M_FAcrn_hs_16_7E10Z3OH__S_c","(3S)-hydroxy-hexadecadienoylcarnitine (CAR 16:2(7E,10Z);O)"
"M_FAcrn_hs_16_7Z_c","(7Z)-hexadecenoylcarnitine (CAR 16:1(7Z))"
"M_FAcrn_hs_16_9Z_c","(9Z)-hexadecenoylcarnitine (CAR 16:1(9Z))"
"M_FAcrn_hs_16_9Z3OH__S_c","(3S)-hydroxy-(9Z)-hexadecenoylcarnitine (CAR 16:1(9Z);O)"
"M_FAcrn_hs_17_0_c","Heptadecanoylcarntine (CAR 17:0)"
"M_FAcrn_hs_17_10Z_c","(10Z)-heptadecenoylcarnitine (CAR 17:1(10Z);O)"
"M_FAcrn_hs_17_9Z_c","(9Z)-heptadecenoylcarnitine (CAR 17:1(9Z);O)"
"M_FAcrn_hs_18_0_c","Octadecanoylcarnitine (CAR 18:0)"
"M_FAcrn_hs_18_11Z_c","(11Z)-octadecenoylcarnitine (CAR 18:1(11Z))"
"M_FAcrn_hs_18_13Z_c","(13Z)-octadecenoylcarnitine (CAR 18:1(13Z))"
"M_FAcrn_hs_18_2E_c","(13Z)-octadecenoylcarnitine (CAR 18:1(13Z))"
"M_FAcrn_hs_18_3OH__S_c","(3S)-hydroxy-octadecanoylcarnitine (CAR 18:0;O)"
"M_FAcrn_hs_18_6Z9Z_c","(6Z,9Z)-octadecadienoylcarnitine (CAR 18:2(6Z,9Z))"
"M_FAcrn_hs_18_6Z9Z12Z_c","(6Z,9Z,12Z)-octadecatrienoate (FA.18:3(6Z,9Z,12Z))"
"M_FAcrn_hs_18_6Z9Z12Z15Z_c","(6Z,9Z,12Z,15Z)-octadecatetraenoylcarnitine (CoA 18:4(6Z,9Z,12Z,15Z))"
"M_FAcrn_hs_18_7Z_c","(7Z)-octadecenoylcarnitine (CAR 18:1(7Z))"
"M_FAcrn_hs_18_9E_c","(9E)-octadecenoylcarnitine (CAR 18:1(9E))"
"M_FAcrn_hs_18_9Z_c","(9Z)-octadecenoylcarnitine (CAR 18:1(9Z))"
"M_FAcrn_hs_18_9Z12Z_c","(9Z,12Z)-octadecadienoylcarnitine (CAR 18:2(9Z,12Z))"
"M_FAcrn_hs_18_9Z12Z15Z_c","(9Z,12Z,15Z)-octadecatrienoate (FA.18:3(9Z,12Z,15Z))"
"M_FAcrn_hs_18_9Z12Z3OH__S_c","(3S)-hydroxy-(9Z,12Z)-octadecadienoylcarnitine (CAR 18:2(9Z,12Z);O)"
"M_FAcrn_hs_18_9Z3OH__S_c","(3S)-hydroxy-(9Z)-octadecenoylcarnitine (CAR 18:1(9Z);O)"
"M_FAcrn_hs_19_0_c","Nonadecanoylcarnitine (CAR 19:0)"
"M_FAcrn_hs_20_0_c","Eicosanoylcarnitine"
"M_FAcrn_hs_20_11Z_c","(11Z)-eicosenoylcarnitine (CAR 20:1(11Z))"
"M_FAcrn_hs_20_11Z14Z_c","(11Z,14Z)-eicosadienoylcarnitine (CAR 20:2(11Z,14Z))"
"M_FAcrn_hs_20_11Z14Z17Z_c","(11Z,14Z,17Z)-eicosatrienoylcarnitine (CAR 20:3(11Z,14Z,17Z))"
"M_FAcrn_hs_20_13Z_c","(13Z)-eicosenoylcarnitine (CAR 20:1(13Z))"
"M_FAcrn_hs_20_5Z8Z11Z_c","(5Z,8Z,11Z)-eicosatrienoylcarnitine (CAR 20:3(5Z,8Z,11Z))"
"M_FAcrn_hs_20_5Z8Z11Z14Z_c","(5Z,8Z,11Z,14Z)-eicosatetraenoylcarnitine (CAR 20:4(5Z,8Z,11Z,14Z))"
"M_FAcrn_hs_20_5Z8Z11Z14Z17Z_c","(5Z,8Z,11Z,14Z,17Z)-eicosapentaenoylcarnitine (CAR 20:5(5Z,8Z,11Z,14Z,17Z))"
"M_FAcrn_hs_20_8Z11Z_c","(8Z,11Z)-eicosadienoylcarnitine (CAR 20:2(8Z,11Z))"
"M_FAcrn_hs_20_8Z11Z14Z_c","(8Z,11Z,14Z)-eicosatrienoylcarnitine (CAR 20:3(8Z,11Z,14Z))"
"M_FAcrn_hs_20_8Z11Z14Z17Z_c","(8Z,11Z,14Z,17Z)-eicosatetraenoylcarnitine (CAR 20:4(8Z,11Z,14Z,17Z))"
"M_FAcrn_hs_20_9Z_c","(9Z)-eicosenoylcarnitine (CAR 20:1(9Z))"
"M_FAcrn_hs_21_0_c","Heneicosanoylcarnitine (CAR 21:0)"
"M_FAcrn_hs_22_0_c","Docosanoylcarnitine (CAR 22:0)"
"M_FAcrn_hs_22_10Z13Z16Z_c","(10Z,13Z,16Z)-docosatrienoylcarnitine (CAR 22:3(10Z,13Z,16Z))"
"M_FAcrn_hs_22_10Z13Z16Z19Z_c","(10Z,13Z,16Z,19Z)-docosatetraenoylcarnitine (CAR 22:4(10Z,13Z,16Z,19Z))"
"M_FAcrn_hs_22_11Z_c","(11Z)-docosenoylcarnitine (CAR 22:1(11Z))"
"M_FAcrn_hs_22_13Z_c","(13Z)-docosenoylcarnitine (CAR 22:1(13Z))"
"M_FAcrn_hs_22_13Z16Z_c","(13Z,16Z)-docosadienoylcarnitine (CAR 22:2(13Z,16Z))"
"M_FAcrn_hs_22_13Z16Z19Z_c","(13Z,16Z,19Z)-docosatrienoylcarnitine (CAR 22:3(13Z,16Z,19Z))"
"M_FAcrn_hs_22_4Z7Z10Z13Z16Z_c","(4Z,7Z,10Z,13Z,16Z)-docosapentaenoylcarnitine (CAR 22:5(4Z,7Z,10Z,13Z,16Z))"
"M_FAcrn_hs_22_4Z7Z10Z13Z16Z19Z_c","(4Z,7Z,10Z,13Z,16Z,19Z)-docosahexaenoylcarnitine (CAR 22:6(4Z,7Z,10Z,13Z,16Z,19Z))"
"M_FAcrn_hs_22_7Z10Z13Z16Z_c","(7Z,10Z,13Z,16Z)-docosatetraenoylcarnitine (CAR 22:4(7Z,10Z,13Z,16Z))"
"M_FAcrn_hs_22_7Z10Z13Z16Z19Z_c","(7Z,10Z,13Z,16Z,19Z)-docosapentaenoylcarnitine (CAR 22:5(7Z,10Z,13Z,16Z,19Z)"
"M_FAcrn_hs_23_0_c","Tricosanoylcarnitine"
"M_FAcrn_hs_24_0_c","Tetracosanoylcarnitine (CAR 24:0)"
"M_FAcrn_hs_24_12Z15Z18Z21Z_c","(12Z,15Z,18Z,21Z)-tetracosatetraenoylcarnitine (CAR 24:4(12Z,15Z,18Z,21Z))"
"M_FAcrn_hs_24_15Z_c","(15Z)-tetracosenoylcarnitine (CAR 24:1(15Z))"
"M_FAcrn_hs_24_6Z9Z12Z15Z18Z_c","(6Z,9Z,12Z,15Z,18Z)-tetracosapentaenoylcarnitine (CAR 24:5(6Z,9Z,12Z,15Z,18Z))"
"M_FAcrn_hs_24_6Z9Z12Z15Z18Z21Z_c","(6Z,9Z,12Z,15Z,18Z,21Z)-tetracosahexaenoylcarnitine (CAR 24:6(6Z,9Z,12Z,15Z,18Z,21Z))"
"M_FAcrn_hs_24_9Z12Z15Z18Z_c","(9Z,12Z,15Z,18Z)-tetracosatetraenoylcarnitine (CAR 24:4(9Z,12Z,15Z,18Z))"
"M_FAcrn_hs_24_9Z12Z15Z18Z21Z_c","(9Z,12Z,15Z,18Z,21Z)-tetracosapentaenoylcarnitine (CAR 24:5(9Z,12Z,15Z,18Z,21Z))"
"M_FAcrn_hs_26_0_c","Hexacosanoylcarnitine (CAR 26:0)"
"M_FAcrn_hs_26_17Z_c","(17Z)-hexacosenoylcarnitine (CAR 26:1(17Z))"
"M_FAcrn_hs_3_0_c","Propanoylcarnitine (CAR 3:0)"
"M_FAcrn_hs_3_2E_c","(2E)-propenoylcarnitine (CAR 3:1(2E))"
"M_FAcrn_hs_3_3OH__S_c","(3S)-hydroxy-propanoyl-CoA (CAR 3:0;O)"
"M_FAcrn_hs_4_0_c","Butanoylcarntine (CAR 4:0)"
"M_FAcrn_hs_4_2E_c","Butenoylcarntine (CAR 4:1)"
"M_FAcrn_hs_4_3OH__R_c","(3R)-hydroxy-butyrylcarnitine (CAR 4:0;O)"
"M_FAcrn_hs_5_0_c","Pentanoylcarnitine (CAR 5:0)"
"M_FAcrn_hs_6_0_c","Hexanoylcarnitine (CAR 6:0)"
"M_FAcrn_hs_6_2E_c","(2E)-hexenoylcarnitine (CAR 6:1(2E))"
"M_FAcrn_hs_6_3OH__S_c","(3S)-hydroxy-hexanoylcarnitine (CAR 6:0;O)"
"M_FAcrn_hs_7_0_c","Heptanoylcarnitine (CAR 7:0)"
"M_FAcrn_hs_7_3OH__S_c","(3S)-hydroxy-heptanoylcarnitine (CAR 7:0;O)"
"M_FAcrn_hs_8_0_c","Octanoylcarnitine (CAR 8:0)"
"M_FAcrn_hs_8_2E_c","(2E)-octenoylcarnitine (CAR 8:1(2E))"
"M_FAcrn_hs_8_3OH__S_c","(3S)-hydroxy-octanoylcarnitine (CAR 8:0;O)"
"M_FAcrn_hs_9_0_c","Nonanoylcarnitine (CAR 9:0)"
"M_FAcrn_hs_9_3OH__S_c","(3S)-hydroxy-nonanoylcarnitine (CAR 9:0;O)"
"M_fad_c","Flavin adenine dinucleotide oxidized"
"M_fadh2_c","FADH2"
"M_fald_c","Formaldehyde"
"M_fdp_c","D-Fructose 1,6-bisphosphate"
"M_fe2_c","Iron (II)"
"M_fe2_e","Iron (II)"
"M_fe3_c","Iron (III)"
"M_fe3_e","Iron (III)"
"M_fe3ooh_c","Iron(III) oxide-hydroxide (insoluble)"
"M_fgam_c","N-formyl-GAR"
"M_ficytb5_c","Ferricytochrome b5 (Fe III)"
"M_fmn_c","Flavin mononucleotide"
"M_fmnh2_c","Flavin mononucleotide (reduced)"
"M_focytb5_c","Ferrocytochrome b5 (Fe II)"
"M_for_c","Formate"
"M_for_e","Formate"
"M_forapyrntp_c","Formamidopyrimidine nucleoside triphosphate"
"M_fpram_c","5-phosphoribosylformylglycinamidine"
"M_fprica_c","FAICAR"
"M_frdp_c","farnesyl-PP"
"M_frnsl2e6e_c","(2E,6E)-farnesal"
"M_frnsn2e6e_c","(2E,6E)-farnesoate"
"M_fru_c","D-Fructose"
"M_fru_e","D-Fructose"
"M_fuc__L_c","6-deoxy-L-galactose"
"M_fuc12gal14acglcgalgluside_hs_c","Type IIH glycolipid"
"M_fuc1p__L_c","L-fucose-1-phosphate"
"M_fucfucgalacglcgalacglcgal14acglcgalgluside_hs_c","G00079"
"M_fucgalacgalfuc12gal14acglcgalgluside_hs_c","Type IIIH glycolipid"
"M_fucgalacgalfucgalacglcgal14acglcgalgluside_hs_c","G00074"
"M_fucgalacglcgal14acglcgalgluside_hs_c","VI2Fuc-nLc6"
"M_fucgalacglcgalacglcgal14acglcgalgluside_hs_c","monofucosyllactoisooctaosylceramide"
"M_fucgalacglcgalgluside_hs_c","Type IH glycolipid"
"M_fum_c","Fumarate"
"M_fum_e","Fumarate"
"M_g16bp_c","D-Glucose 1,6-Bisphosphate"
"M_g1p_c","D-Glucose 1-phosphate"
"M_g3p_c","Glyceraldehyde 3-phosphate"
"M_g3pc_c","Glycerophosphocholine"
"M_g3pe_c","Glycerophosphoethanolamine"
"M_g3pi_c","Glycerophosphoinositol"
"M_g3pnae_hs_c","N-acyl-sn-glycero-3-phosphoethanolamine"
"M_g3ps_c","Glycerophosphoserine"
"M_g6p__aD_c","alpha-D-Glucose 6-phosphate"
"M_g6p_c","beta-D-Glucose 6-phosphate"
"M_ga1_hs_c","GA1"
"M_ga1_hs_e","GA1"
"M_ga2_hs_c","GA2"
"M_gal__bD_c","beta-D-Galactose"
"M_gal__bD_e","beta-D-Galactose"
"M_gal_c","galactose"
"M_gal_e","galactose"
"M_gal1p_c","Alpha-D-Galactose 1-phosphate"
"M_galacgalfuc12gal14acglcgalgluside_hs_c","Gal-Type IIA antigen "
"M_galacgalfucgalacglcgal14acglcgalgluside_hs_c","G00073"
"M_galacglcgal14acglcgalgluside_hs_c","nLc6Cer"
"M_galacglcgalacglcgal14acglcgalgluside_hs_c","iso-nLc8Cer"
"M_galacglcgalgluside_hs_c","Lc4Cer"
"M_galfuc12gal14acglcgalgluside_hs_c","Type IIB antigen"
"M_galfucgalacglcgal14acglcgalgluside_hs_c","G00083"
"M_galfucgalacglcgalgluside_hs_c","Type IB glycolipid"
"M_galgal14acglcgalgluside_hs_c","nLc5Cer"
"M_galgalacglcgalgluside_hs_c","Lc5Cer"
"M_galgbside_hs_c","galactosylgloboside"
"M_galgluside_hs_c","LacCer pool"
"M_galgluside_hs_e","LacCer pool"
"M_galt_c","Galactitol"
"M_galt_e","Galactitol"
"M_gam_c","D-Glucosamine"
"M_gam_e","D-Glucosamine"
"M_gam6p_c","D-Glucosamine 6-phosphate"
"M_gar_c","N(1)-(5-phospho-D-ribosyl)glycinamide"
"M_gbside_hs_c","globoside (P antigen)"
"M_gchola_c","glycocholate"
"M_gchola_e","glycocholate"
"M_gd1a_hs_c","GD1a"
"M_gd1a_hs_e","GD1a"
"M_gd1b_hs_c","GD1b"
"M_gd1b_hs_e","GD1b"
"M_gd2_hs_e","GD2"
"M_gd3_hs_e","GD3"
"M_gdchac_c","glycodeoxycholate"
"M_gdchac_e","glycodeoxycholate"
"M_gdp_c","GDP"
"M_gdpddman_c","GDP-4-dehydro-6-deoxy-D-mannose"
"M_gdpfuc_c","GDP-L-fucose"
"M_gdpmann_c","GDP-mannose"
"M_gglu2abut_c","Gamma-L-glutamyl-L-alpha-aminobutyrate"
"M_gglucys__L_c","Gamma-L-Glutamyl-L-cysteine"
"M_ggn8Y_c","Glycogenin (Tyrosine residue) "
"M_ggnG11_c","Glycogenin G11"
"M_ggnG4G4_c","Glycogenin G4G4"
"M_ggnG4G7_c","Glycogenin G4G7"
"M_ggnG7_c","Glycogenin G7"
"M_ggnG7G1_c","Glycogenin G7G1"
"M_ggnG8_c","Glycogenin G8"
"M_glac_c","D-glucurono-6,3-lactone"
"M_glc__aD_c","alpha-D-Glucose"
"M_glc__aD_e","alpha-D-Glucose"
"M_glc__D_c","beta-D-Glucose"
"M_glc__D_e","beta-D-Glucose"
"M_glcn_c","D-gluconate"
"M_glcn_e","D-gluconate"
"M_glcr_c","D-glucarate"
"M_glcur_c","glucuronate"
"M_gln__L_c","L-Glutamine"
"M_gln__L_e","L-Glutamine"
"M_glntrna_c","L-glutaminyl-tRNA(gln)"
"M_globin_c","Globin"
"M_globinr_c","Globin cation radical"
"M_globoA_hs_c","Type IV A antigen (globo-A)"
"M_globoB_hs_c","Type IV B antigen (globo-B)"
"M_globoH_hs_c","Type IV H antigen (globo-H)"
"M_glu__L_c","L-Glutamate"
"M_glu__L_e","L-Glutamate"
"M_glu5sa__L_c","L-glutamate 5-semialdehyde"
"M_glutrna_c","L-glutamyl-tRNA(glu)"
"M_glx_c","Glyoxylate"
"M_glx_e","Glyoxylate"
"M_gly_c","Glycine"
"M_gly_e","Glycine"
"M_glyald_c","Glyceraldehyde"
"M_glyb_c","betaine"
"M_glyb_e","betaine"
"M_glyc__R_c","(R)-glycerate"
"M_glyc__R_e","(R)-glycerate"
"M_glyc__S_c","(S)-glycerate"
"M_glyc__S_e","(S)-glycerate"
"M_glyc_c","Glycerol"
"M_glyc_e","Glycerol"
"M_glyc3p_c","Glycerol 3-phosphate"
"M_glyclt_c","Glycolate"
"M_glyclt_e","Glycolate"
"M_glygly_c","Glycyl-Glycine"
"M_glyleu_c","Glycylleucine"
"M_glyphe_c","Glycyl-Phenylalanine"
"M_glypro_c","Glycylproline"
"M_glytrna_c","glycyl-tRNA(gly)"
"M_glytrp_c","L-glycyl-L-tryptophan"
"M_gm1_hs_c","GM1"
"M_gm1_hs_e","GM1"
"M_gm1b_hs_c","GM1b"
"M_gm1b_hs_e","GM1b"
"M_gm2_hs_c","GM2"
"M_gm2_hs_e","GM2"
"M_gm3_hs_c","GM3"
"M_gm3_hs_e","GM3"
"M_gmp_c","GMP"
"M_gp4g_c","P1,P4-Bis(5'-guanosyl) tetraphosphate"
"M_gq1b_hs_c","GQ1b"
"M_gq1b_hs_e","GQ1b"
"M_grdp_c","geranyl-PP"
"M_grdx2cgth_c","Glutaredoxin (2-cys, glutathionyl)"
"M_grdx2cox_c","Glutaredoxin (2-cys) disulfide"
"M_grdx2crd_c","Glutaredoxin (2-cys) disulfide"
"M_gsn_c","Guanosine"
"M_gsn_e","guanosine"
"M_gt1b_hs_c","GT1b"
"M_gt1b_hs_e","GT1b"
"M_gthnhoh_c","N-hydroxysulfinamide"
"M_gthno_c","S-nitrosoglutathione"
"M_gthno_e","S-nitrosoglutathione"
"M_gthnoh2_c","Sulfinamide glutathione"
"M_gthox_c","Oxidized glutathione"
"M_gthox_e","Oxidized glutathione"
"M_gthrd_c","Reduced glutathione"
"M_gthrd_e","Reduced glutathione"
"M_gtp_c","GTP"
"M_gua_c","Guanine"
"M_gua_e","guanine"
"M_gudac_c","guanidinoacetate"
"M_gudchola_c","glycoursodeoxycholate"
"M_gudchola_e","glycoursodeoxycholate"
"M_guln__L_c","L-gulonate"
"M_h_c","H+"
"M_h_e","H+"
"M_h2o_c","H2O"
"M_h2o_e","H2O"
"M_h2o2_c","H2O2"
"M_h2o2_e","H2O2"
"M_h2s_c","Hydrogen sulfide"
"M_h2s_e","Hydrogen sulfide"
"M_ham_c","Hydroxylamine"
"M_hb_c","Deoxyhemoglobin"
"M_hb_hco2_c","Oxyhemoglobin (Protonated Carbamino Deoxyhemoglobin)"
"M_hb4_23dpg_c","Deoxyhemoglobin (tetramer, 2,3-bisphospho-D-glycerate)"
"M_hba1c_c","Glycated hemoglobin"
"M_hbsno_c","S-Nitrosylhemoglobin"
"M_hco3_c","Bicarbonate"
"M_hco3_e","Bicarbonate"
"M_hcys__L_c","L-Homocysteine"
"M_hcys__L_e","L-Homocysteine"
"M_hcystin__L_c","L-homocystine"
"M_hcystin__L_e","L-homocystine"
"M_hdha10_c","10-HPDHA (FA 22:6;O2)  "
"M_hdha10_e","10-HPDHA (FA 22:6;O2)"
"M_hdha11_c","11-HPDHA (FA 22:6;O2)  "
"M_hdha11_e","11-HPDHA (FA 22:6;O2)"
"M_hdha13_c","13-HPDHA (FA 22:6;O2)  "
"M_hdha13_e","13-HPDHA (FA 22:6;O2)"
"M_hdha14_c","14-HPDHA (FA 22:6;O2)  "
"M_hdha14_e","14-HPDHA (FA 22:6;O2)"
"M_hdha16_c","16-HPDHA (FA 22:6;O2)  "
"M_hdha16_e","16-HPDHA (FA 22:6;O2)"
"M_hdha17_c","17-HPDHA (FA 22:6;O2)  "
"M_hdha17_e","17-HPDHA (FA 22:6;O2)"
"M_hdha20_c","20-HPDHA (FA 22:6;O2)  "
"M_hdha20_e","20-HPDHA (FA 22:6;O2)"
"M_hdha4_c","4-HPDHA (FA 22:6;O2)  "
"M_hdha4_e","4-HPDHA (FA 22:6;O2)"
"M_hdha7_c","7-HPDHA (FA 22:6;O2)  "
"M_hdha7_e","7-HPDHA (FA 22:6;O2)"
"M_hdha8_c","8-HPDHA (FA 22:6;O2)  "
"M_hdha8_e","8-HPDHA (FA 22:6;O2)"
"M_hematin_c","Hematin"
"M_hematin_e","Hematin"
"M_hemedegprods_c","Heme degradation products"
"M_hemegth_c","Glutathione-heme adduct"
"M_hemegthoh_c","Hydroxy-glutathione-heme adduct"
"M_hepe11_c","11-HEPE  (FA 20:5;O)  "
"M_hepe11_e","11-HEPE  (FA 20:5;O)"
"M_hepe12_c","12-HEPE  (FA 20:5;O)  "
"M_hepe12_e","12-HEPE  (FA 20:5;O)"
"M_hepe15_c","15-HEPE  (FA 20:5;O)  "
"M_hepe15_e","15-HEPE  (FA 20:5;O)"
"M_hepe18_c","18-HEPE  (FA 20:5;O)  "
"M_hepe18_e","18-HEPE  (FA 20:5;O)"
"M_hepe5_c","5-HEPE  (FA 20:5;O)  "
"M_hepe5_e","5-HEPE  (FA 20:5;O)"
"M_hepe8_c","8-HEPE  (FA 20:5;O)  "
"M_hepe8_e","8-HEPE  (FA 20:5;O)"
"M_hepe9_c","9-HEPE  (FA 20:5;O)  "
"M_hepe9_e","9-HEPE  (FA 20:5;O)"
"M_hete11_c","11-HETE  (FA 20:4;O)  "
"M_hete11_e","11-HETE  (FA 20:4;O)"
"M_hete12_c","12-HETE  (FA 20:4;O)  "
"M_hete12_e","12-HETE  (FA 20:4;O)"
"M_hete15_c","15-HETE  (FA 20:4;O)  "
"M_hete15_e","15-HETE  (FA 20:4;O)"
"M_hete5_c","5-HETE  (FA 20:4;O)  "
"M_hete5_e","5-HETE  (FA 20:4;O)"
"M_hete8_c","8-HETE  (FA 20:4;O)  "
"M_hete8_e","8-HETE  (FA 20:4;O)"
"M_hete9_c","9-HETE  (FA 20:4;O)  "
"M_hete9_e","9-HETE  (FA 20:4;O)"
"M_hgentis_c","homogentisate"
"M_his__L_c","histidine"
"M_his__L_e","L-histidine"
"M_hista_c","L-histamine"
"M_hista_e","histamine"
"M_histrna_c","L-histidyl-tRNA(his)"
"M_hLkynr_c","3-hydroxy-L-kynurenine"
"M_hLkynr_e","3-hydroxy-L-kynurenine"
"M_hmbil_c","Hydroxymethylbilane"
"M_hmgth_c","Hydroxymethylglutathione"
"M_hno_c","Nitroxyl radical"
"M_hode13_c","13-HODE (FA 18:2;O)"
"M_hode13_e","13-HODE (FA 18:2;O)"
"M_hode9_c","9-HODE (FA 18:2;O)"
"M_hode9_e","9-HODE (FA 18:2;O)"
"M_homoval_c","homovanillate"
"M_homoval_e","homovanillate"
"M_hpdha10_c","10-HPDHA (FA 22:6;O2)  "
"M_hpdha11_c","11-HPDHA (FA 22:6;O2)  "
"M_hpdha13_c","13-HPDHA (FA 22:6;O2)  "
"M_hpdha14_c","14-HPDHA (FA 22:6;O2)  "
"M_hpdha16_c","16-HPDHA (FA 22:6;O2)  "
"M_hpdha17_c","17-HPDHA (FA 22:6;O2)  "
"M_hpdha20_c","20-HPDHA (FA 22:6;O2)  "
"M_hpdha4_c","4-HPDHA (FA 22:6;O2)  "
"M_hpdha7_c","7-HPDHA (FA 22:6;O2)  "
"M_hpdha8_c","8-HPDHA (FA 22:6;O2)  "
"M_hpepe11_c","11-HPEPE  (FA 20:5;O2)  "
"M_hpepe12_c","12-HPEPE  (FA 20:5;O2)  "
"M_hpepe15_c","15-HPEPE  (FA 20:5;O2)  "
"M_hpepe18_c","18-HPEPE  (FA 20:5;O2)  "
"M_hpepe5_c","5-HPEPE  (FA 20:5;O2)  "
"M_hpepe8_c","8-HPEPE  (FA 20:5;O2)  "
"M_hpepe9_c","9-HPEPE  (FA 20:5;O2)  "
"M_hpete11_c","11-HPETE  (FA 20:4;O2)  "
"M_hpete12_c","12-HPETE  (FA 20:4;O2)  "
"M_hpete15_c","15-HPETE  (FA 20:4;O2)  "
"M_hpete5_c","5-HPETE  (FA 20:4;O2)  "
"M_hpete8_c","8-HPETE  (FA 20:4;O2)  "
"M_hpete9_c","9-HPETE  (FA 20:4;O2)  "
"M_hpode13_c","13-HPODE (FA 18:2;O2)"
"M_hpode9_c","9-HPODE (FA 18:2;O2)"
"M_hpta_c","Heptanoate (FA 7:0)"
"M_hpta_e","Heptanoate (FA 7:0)"
"M_hptal_c","Heptanal (FAL 7:0)"
"M_hptea_2E_c","(2E)-heptenoate (FA 7:0(2E))"
"M_hpteal_2E_c","(2E)-heptenal (FAL 7:1(2E))"
"M_hpyr_c","Hydroxypyruvate"
"M_hser__L_c","L-homoserine"
"M_hser__L_e","L-homoserine"
"M_htsul_c","Thiosulfate"
"M_hxa_c","Hexanoate (FA 6:0)"
"M_hxa_e","Hexanoate (FA 6:0)"
"M_hxaACP_c","hexanoyl-[ACP]"
"M_hxal_c","Hexanal (FAL 6:0)"
"M_hxan_c","Hypoxanthine"
"M_hxan_e","Hypoxanthine"
"M_hxdcaACP_c","hexadecanoyl-[ACP]"
"M_hxdcal_c","Hexadecanal (FAL 16:0)"
"M_hxdceaACP_2E_c","(2E)-hexadecenoyl-[ACP]"
"M_hxdceal_2E_c","(2E)-hexadecenal (FAL 16:1(2E))"
"M_hxea_2E_c","(2E)-hexenoate (FA 6:1(2E))"
"M_hxeaACP_2E_c","(2E)-hexenoyl-[ACP]"
"M_hxeal_2E_c","(2E)-hexenal (FAL 6:1(2E))"
"M_hyptaur_c","hypotaurine"
"M_i_c","Iodide"
"M_i_e","Iodide"
"M_icit_c","Isocitrate"
"M_id3acald_c","Indole-3-acetaldehyde"
"M_idp_c","IDP"
"M_ile__L_c","isoleucine"
"M_ile__L_e","isoleucine"
"M_iletrna_c","L-isoleucyl-tRNA(ile)"
"M_im4ac_c","Imidazole-4-acetate"
"M_im4ac_e","Imidazole-4-acetate"
"M_im4act_c","Imidazole-4-acetaldehyde"
"M_imp_c","IMP"
"M_ind3ac_c","indoleacetate"
"M_ind56qn_c","Indole-5,6-quinone"
"M_ind56sqn_c","Indole-5,6-o-semiquinone"
"M_inds_c","Indoxyl Sulfate"
"M_inds_e","Indoxyl Sulfate"
"M_inost_c","inositol"
"M_inost_e","inositol"
"M_ins_c","Inosine"
"M_ins_e","Inosine"
"M_ins6p_c","1D-myo-inositol-hexakisphosphate"
"M_insulinox_c","insulin-(SS)"
"M_insulinrd_c","Insulin-(SH)2"
"M_ipdp_c","isopentenyl-pPP"
"M_itp_c","ITP"
"M_k_c","K+"
"M_k_e","K+"
"M_kdn_c","3-deoxy-D-glycero-D-galacto-2-nonulosonic acid"
"M_kdn_e","3-deoxy-D-glycero-D-galacto-2-nonulosonic acid"
"M_kdnp_c","3-deoxy-D-glycero-D-galacto-2-nonulosonic acid-9-phosphate"
"M_kynate_c","4-hydroxy-2-quinolinecarboxylic acid"
"M_kynr__L_c","kynurenine"
"M_kynr__L_e","kynurenine"
"M_L2aadp_c","L-2-aminoadipate"
"M_L2aadp_e","L-2-aminoadipate"
"M_lac__D_c","D-Lactate"
"M_lac__D_e","D-Lactate"
"M_lac__L_c","L-Lactate"
"M_lac__L_e","L-Lactate"
"M_lacphe__LL_c","N-[(S)-lactoyl]-L-phenylalanine"
"M_lacphe__LL_e","N-[(S)-lactoyl]-L-phenylalanine"
"M_lald__D_c","D-lactaldehyde"
"M_lald__L_c","lactaldehyde"
"M_lanost_c","Lanosterol"
"M_Lcyst_c","L-cysteate"
"M_leu__D_c","D-leucine"
"M_leu__D_e","D-leucine"
"M_leu__L_c","leucine"
"M_leu__L_e","L-leucine"
"M_leuadrnchrm_c","Leucoadrenochrome"
"M_leuala_c","L-leucyl-L-alanine"
"M_leudpamchrm_c","Leucodopaminochrome"
"M_leudpchrm__L_c","L-leucodopachrome"
"M_leugly_c","Leucyl-Glycine"
"M_leuglygly_c","Leucyl-Glycyl-Glycine"
"M_leuglyphe_c","L-leucyl-L-glycyl-L-phenylalanine"
"M_leuktrA4_c","Leukotriene A4"
"M_leuktrA4_e","Leukotriene A4"
"M_leuktrA5_c","Leukotriene A5"
"M_leuktrA5_e","Leukotriene A5"
"M_leuktrB4_c","Leukotriene B4"
"M_leuktrB4_e","Leukotriene B4"
"M_leuktrB5_c","Leukotriene B5"
"M_leuktrB5_e","Leukotriene B5"
"M_leuktrC4_c","leukotriene C4"
"M_leuktrC4_e","leukotriene C4"
"M_leuktrC5_c","Leukotriene C5"
"M_leuktrC5_e","Leukotriene C5"
"M_leuleu_c","Leucylleucine"
"M_leuleuleu_c","L-leucyl-L-leucyl-L-leucine"
"M_leunrpphrchrm_c","L-leuconoradrenochrome"
"M_leupro_c","Leucyl-Proline"
"M_leutrna_c","L-leucyl-tRNA(leu)"
"M_Lfmkynr_c","N-formyl-L-kynurenine"
"M_li1_c","Lithium"
"M_li1_e","Lithium"
"M_lipoate_c","Lipoate"
"M_lipoate_e","Lipoate"
"M_lnape_hs_c","LNAE"
"M_lpa_hs_c","LPA"
"M_lpail_hs_c","LPI"
"M_lpao_hs_c","LPA O-"
"M_lpc_hs_c","LPC"
"M_lpc_hs_e","LPC"
"M_lpco_hs_c","LPC O-"
"M_lpcp_hs_c","LPC P-"
"M_lpe_hs_c","LPE"
"M_lpep_hs_c","LPE P-"
"M_lps_hs_c","LPS"
"M_lthstrl_c","lathosterol"
"M_lys__L_c","L-lysine"
"M_lys__L_e","L-lysine"
"M_lysleu_c","L-lysyl-L-leucine"
"M_lystrna_c","L-lysyl-tRNA(lys)"
"M_lyxnt__L_c","L-lyxonate"
"M_m2mn_c","(alpha-D-mannosyl)2-beta-D-mannosyl-N-acetylglucosamine"
"M_mag_hs_c","1-Monoacylglycerol (MG)"
"M_mag2_hs_c","2-Monoacylglycerol (MG)"
"M_mago_hs_c","1-Monoalkylglycerol (MG O-)"
"M_mal__L_c","L-Malate"
"M_mal__L_e","L-Malate"
"M_malACP_c","malonyl-[ACP]"
"M_malcoa_c","Malonyl-CoA (CoA 3:1;O2)"
"M_malcrn_c","Malonylcarnitine (CAR 3:1;O2)"
"M_mald_c","Malonaldehyde"
"M_man_c","D-Mannose"
"M_man_e","D-Mannose"
"M_man16bp_c","D-Mannose 1,6-bisphosphate"
"M_man1p_c","D-Mannose 1-phosphate"
"M_man6p_c","D-Mannose 6-phosphate"
"M_mdhdascb__L_c","L-monodehydroascorbate"
"M_mdhdascb__L_e","L-monodehydroascorbate"
"M_meoh_c","methanol"
"M_mepi__L_c","Metanephrine"
"M_mepi__L_e","Metanephrine"
"M_mercplac_c","3-mercaptolactate"
"M_mercppyr_c","3-mercaptopyruvate"
"M_mercpur_c","6-mercaptopurine"
"M_mercpur_e","6-mercaptopurine"
"M_met__L_c","L-Methionine"
"M_met__L_e","L-Methionine"
"M_methb_c","Methemoglobin"
"M_methb_onoo_c","Methemoglobin-peroxynitrite complex"
"M_methbr_c","Methemoglobin cation radical"
"M_methf_c","5,10-methenyl-THF"
"M_methsel_c","Methaneselenol"
"M_methselne_c","Methylselenenic acid"
"M_methselni_c","Methylseleninic acid"
"M_metpro_c","L-methionyl-L-proline"
"M_metselpyr_c","Methylselenopyruvate"
"M_metSox__SL_c","L-methionine (S)-S-oxide"
"M_mettrna_c","L-methionyl-tRNA(met)"
"M_mg2_c","Magnesium (II)"
"M_mg2_e","Magnesium (II)"
"M_mhista_c","N-methylhistamine"
"M_mi13456p_c","1D-myo-inositol-1,3,4,5,6-pentakisphosphate"
"M_mi1345p_c","1D-myo-inositol-1,3,4,5-tetrakisphosphate"
"M_mi134p_c","1D-myo-inositol-1,3,4-trisphosphate"
"M_mi1456p_c","1D-myo-inositol-1,4,5,6-tetrakisphosphate"
"M_mi145p_c","D-myo-inositol-1,4,5-trisphosphate"
"M_mi14p_c","1D-myo-inositol-1,4-bisphosphate"
"M_mi1p__D_c","inositol-1-phosphate"
"M_mi3p__D_c","1D-myo-inositol-3-phosphate"
"M_mi4p__D_c","1D-myo-inositol-4-phosphate"
"M_mlthf_c","5,10-methylene-THF"
"M_mma_c","Methylamine"
"M_mma_e","Methylamine"
"M_mmaln_c","Methylmalonate"
"M_mmarg__L_c","N(omega)-methyl-L-arginine"
"M_mmarg__L_e","N(omega)-methyl-L-arginine"
"M_mmcoa__S_c","Methylmalonyl-CoA"
"M_mn_c","beta-1,4-mannose-N-acetylglucosamine"
"M_mn2_c","Manganese (II)"
"M_mn2_e","Manganese (II)"
"M_mndiol_c","menadiol"
"M_mndn_c","menadione"
"M_mnl_e","D-Mannitol"
"M_mnlr_e","D-Mannitol"
"M_mobd_c","Molybdate"
"M_mobd_e","Molybdate"
"M_moco_c","Mo-molybdopterin"
"M_mpt_c","Molybdopterin"
"M_mptamp_c","Adenylated molybdopterin"
"M_msa_c","3-oxopropanoate"
"M_mthgxl_c","Methylglyoxal"
"M_mtmercpur_c","6-methylmercaptopurine"
"M_mtthiogmp_c","6-methylthioguanosine monophosphate"
"M_mtthiogmp_e","6-methylthioguanosine monophosphate"
"M_mtthioimp_c","6-methylthioinosine monophosphate"
"M_mtthioimp_e","6-methylthioinosine monophosphate"
"M_N1aspmd_c","N1-acetylspermidine"
"M_N1sprm_c","N1-acetylspermine"
"M_n2o3_c","Dinitrogen trioxide"
"M_n2o3_e","Dinitrogen trioxide"
"M_n4abutn_c","N4-acetylaminobutanal"
"M_na1_c","Sodium"
"M_na1_e","Sodium"
"M_nac_c","Nicotinate"
"M_nac_e","Nicotinate"
"M_naccys__L_c","N-acetyl-L-cysteine"
"M_naccys__L_e","N-acetyl-L-cysteine"
"M_nad_c","Nicotinamide adenine dinucleotide"
"M_nad_e","Nicotinamide adenine dinucleotide"
"M_nadh_c","Nicotinamide adenine dinucleotide - reduced"
"M_nadhx__R_c","(R)-NADHX"
"M_nadhx__S_c","(S)-NADHX"
"M_nadp_c","Nicotinamide adenine dinucleotide phosphate"
"M_nadp_e","NADP+"
"M_nadph_c","Nicotinamide adenine dinucleotide phosphate - reduced"
"M_nadphx__R_c","(R)-NADPHX"
"M_nadphx__S_c","(S)-NADPHX"
"M_nae_hs_c","N-acylethanolamine"
"M_nape_hs_c","NAPE"
"M_ncam_c","Nicotinamide"
"M_ncam_e","Nicotinamide"
"M_nedd8_c","NEDD8 protein"
"M_nedd8Se1nd8act_cys__L_c","[E1 NEDD8-activating enzyme]-S-[NEDD8 protein]-yl-L-cysteine"
"M_nedd8Se2nd8conj_cys__L_c","[E2 NEDD8-conjugating enzyme]-S-[NEDD8-protein]-yl-L-cysteine"
"M_nh3_c","Ammonia"
"M_nh3_e","Ammonia"
"M_nh4_c","Ammonium"
"M_nh4_e","Ammonium"
"M_nicrns_c","Nicotinate D-ribonucleoside"
"M_nicrns_e","Nicotinate D-ribonucleoside"
"M_nicrnt_c","Nicotinate D-ribonucleotide"
"M_nitrosylhb_c","Nitrosylhemoglobin (Iron-bound)"
"M_nmn_c","Nicotinamide mononucleotide"
"M_nmn_e","Nicotinamide mononucleotide"
"M_nmnh_c","Nicotinamide mononucleotide (reduced)"
"M_no_c","Nitric oxide"
"M_no_e","Nitric oxide"
"M_no2_c","Nitrite anion"
"M_no2_e","Nitrite anion"
"M_no2r_c","Nitrogen dioxide"
"M_no3_c","Nitrate"
"M_no3_e","Nitrate"
"M_nona_c","Nonanoate (FA 9:0)"
"M_nona_e","Nonanoate (FA 9:0)"
"M_nonal_c","Nonanal (FAL 9:0)"
"M_nonea_2E_c","(2E)-nonenoate (FA 9:1(2E))"
"M_noneal_2E_c","(2E)-nonenal (FAL 9:1)"
"M_normete__L_c","L-Normetanephrine"
"M_normete__L_e","L-Normetanephrine"
"M_nrpphr__L_c","L-noradrenaline"
"M_nrpphr__L_e","L-noradrenaline"
"M_nrpphrchrm_c","Noradrenochrome"
"M_nrpphrchrmsqn_c","L-noradrenochrome-o-semiquinone"
"M_nrpphrqn__L_c","L-noradrenaline-o-quinone"
"M_nrpphrsqn__L_c","L-noradrenaline-o-semiquinone"
"M_nwharg_c","N-(omega)-hydroxyarginine"
"M_o18bp_c","Octulose 1,8-bisphosphate"
"M_o2_c","O2 "
"M_o2_e","O2"
"M_o2s_c","Superoxide"
"M_o2s_e","Superoxide"
"M_oaa_c","Oxaloacetate"
"M_ocaACP_c","Octanoyl-[ACP]"
"M_ocdcaACP_c","Stearoyl-ACP"
"M_ocdceaACP_2E_c","(2E)-Octadecenoyl-ACP"
"M_oceaACP_2E_c","(2E)-octenoyl-[ACP]"
"M_octa_c","Octanoate (FA 8:0)"
"M_octa_e","Octanoate (FA 8:0)"
"M_octal_c","Octanal (FAL 8:0)"
"M_octea_2E_c","(2E)-Octenoate (FA 8:0(2E))"
"M_octeal_2E_c","(2E)-Octenal (FAL 8:1(2E))"
"M_oh1_c","Hydroxide"
"M_oh1_e","Hydroxide"
"M_oh1r_c","Hydroxyl radical"
"M_oh1r_e","Hydroxyl radical"
"M_onoo_c","Peroxynitrite anion"
"M_onoo_e","Peroxynitrite anion"
"M_onooco2_c","Nitrocarbonate"
"M_onooh_c","Peroxynitrous acid"
"M_onooh_e","Peroxynitrous acid"
"M_ophth_c","Ophthalmate"
"M_orn__L_c","Ornithine"
"M_orn__L_e","Ornithine"
"M_orot_c","Orotate"
"M_orot_e","Orotate"
"M_orot5p_c","Orotidine 5'-phosphate"
"M_orotdn_c","Orotidine"
"M_oxa_c","oxalate"
"M_oxa_e","oxalate"
"M_oxoferrylhb_c","Oxoferrylhemoglobin"
"M_oxoferrylhbr_c","Oxoferrylhemoglobin cation radical"
"M_oxyhb_c","Oxyhemoglobin (O2)"
"M_p4a_c","Adenosine 5'-tetraphosphate"
"M_pa_hs_c","PA"
"M_pac_c","phenylacetate"
"M_pacald_c","phenylacetaldehyde"
"M_paf_hs_c","1-O-alkyl-2-acetyl-sn-glycero-3-phosphocholine"
"M_pail_hs_c","PI"
"M_pail_hs_e","PI pool"
"M_pail345p_hs_c","PIP3[3',4',5']"
"M_pail34p_hs_c","PIP2[3',4']"
"M_pail35p_hs_c","1-phosphatidyl-myo-inositol-3,5-bisphosphate"
"M_pail3p_hs_c","PIP[3']"
"M_pail45p_hs_c","PIP2[4',5']"
"M_pail4p_hs_c","PIP[4']"
"M_pail5p_hs_c","PIP[5']"
"M_pao_hs_c","PA O-"
"M_paoac_hs_c","1-O-alkyl-2-acetyl-sn-glycero-3-phosphate"
"M_pap_c","PAP"
"M_paps_c","PAPS"
"M_paragbside_hs_c","paragloboside"
"M_pc_hs_c","PC"
"M_pc_hs_e","PC"
"M_pco_hs_c","PC(O-)"
"M_pcp_hs_c","PC(P-)"
"M_pcreat_c","creatine-phosphate"
"M_pcreat_e","creatine-phosphate"
"M_pdx5p_c","Pyridoxine 5'-phosphate"
"M_pe_hs_c","PE"
"M_pe_hs_e","PE"
"M_penme_hs_c","PE-NMe"
"M_penme2_hs_c","PE-NMe2"
"M_pep_c","Phosphoenolpyruvate"
"M_pep_hs_c","PE(P-)"
"M_peth_hs_c","PEth"
"M_peth_hs_e","PEth"
"M_phe__L_c","L-Phenylalanine"
"M_phe__L_e","L-Phenylalanine"
"M_phehisleu_c","L-phenylalanyl-L-histidyl-L-leucine"
"M_pheleu_c","Phenylalanyl-Leucine"
"M_pheme_c","Ferroprotoheme"
"M_pheme_e","Ferroprotoheme"
"M_phepro_c","L-phenylalanyl-L-proline"
"M_phetrna_c","L-phenylalanyl-tRNA(phe)"
"M_phetyr_c","Phenylalanyl-Tyrosine"
"M_phlac_c","3-phenyllactate"
"M_phpyr_c","3-phenylpyruvate"
"M_pi_c","Orthophosphate"
"M_pi_e","Orthophosphate"
"M_pnto__R_c","(R)-pantothenate"
"M_pnto__R_e","pantothenate"
"M_polyadprib1_c","[(1''→2')-ADP-α-D-ribose](n-1)"
"M_polyadprib2_c","[(1''→2')-ADP-α-D-ribose](n)"
"M_polyubb_c","Polyubiquitin-B"
"M_pp2a_leu__L_c","[phosphatase 2A protein]-C-terminal L-leucine"
"M_pp2a_leumeo_c","[phosphatase 2A protein]-C-terminal L-leucine methyl ester"
"M_ppa_c","Propanoate (FA 3:0)"
"M_ppa_e","Propanoate (FA 3:0)"
"M_ppal_c","Propanal (FAL 3:0)"
"M_ppbng_c","Porphobilinogen"
"M_ppcoa_c","Propanoyl-CoA"
"M_ppgpp_c","Guanosine 3',5'-bis(diphosphate)"
"M_ppi_c","Diphosphate"
"M_ppi_e","Diphosphate"
"M_ppp9_c","Protoporphyrin"
"M_ppp9_e","protoporphyrin"
"M_pppi_c","triphosphate"
"M_pram_c","5-phosphoribosylamine"
"M_prdx1cgth_c","Peroxiredoxin (1-cys, glutathionyl)"
"M_prdx1crd_c","Peroxiredoxin (1-cys, reduced)"
"M_prdx1cso_c","Peroxiredoxin (1-cys, sulfenic)"
"M_prdx2cox_c","Peroxiredoxin (2-cys, oxidized)"
"M_prdx2crd_c","Peroxiredoxin (2-cys, reduced)"
"M_prdx2cso_c","Peroxiredoxin (2-cys, sulfenic)"
"M_prdx2cso2_c","Peroxiredoxin (2-cys, sulfinic)"
"M_prdx2cso3_c","Peroxiredoxin (2-cys, sulfonic)"
"M_prgnlone_c","Pregnenolone"
"M_prgnlone_e","Pregnenolone"
"M_prgnlones_c","pregnenolone sulfate"
"M_prgnlones_e","pregnenolone sulfate"
"M_prgstrn_c","progesterone"
"M_prgstrn_e","progesterone"
"M_pro__L_c","L-proline"
"M_pro__L_e","L-proline"
"M_proleu_c","L-prolyl-L-leucine"
"M_prophe_c","L-prolyl-L-phenylalanine"
"M_propro_c","L-prolyl-L-proline"
"M_prostga1_c","Prostaglandin A1"
"M_prostga2_c","Prostaglandin A2"
"M_prostga3_c","Prostaglandin A3"
"M_prostgd2_c","Prostaglandin D2"
"M_prostgd2_e","Prostaglandin D2"
"M_prostgd21glyc_c","Prostaglandin D2-1-glyceryl ester"
"M_prostge1_c","Prostaglandin E1"
"M_prostge1_e","Prostaglandin E1"
"M_prostge2_c","Prostaglandin E2"
"M_prostge2_e","Prostaglandin E2"
"M_prostge21glyc_c","Prostaglandin E2-1-glyceryl ester"
"M_prostge3_c","Prostaglandin E3"
"M_prostge3_e","Prostaglandin E3"
"M_prostgf1_c","Prostaglandin F1alpha"
"M_prostgf1_e","Prostaglandin F1alpha"
"M_prostgf2_c","Prostaglandin F2alpha"
"M_prostgf2_e","Prostaglandin F2alpha"
"M_prostgf21glyc_c","Prostaglandin F2-1-glyceryl ester"
"M_prostgf3_c","Prostaglandin F3alpha"
"M_prostgf3_e","Prostaglandin F3alpha"
"M_prostgg1_c","Prostaglandin G1"
"M_prostgg2_c","Prostaglandin G2"
"M_prostgg3_c","Prostaglandin G3"
"M_prostgh1_c","Prostaglandin H1"
"M_prostgh2_c","Prostaglandin H2"
"M_prostgh3_c","Prostaglandin H3"
"M_protres_aclys__L_c","N-acetyl-L-lysyl-[protein]"
"M_protres_admarg__L_c","Asymmetrical dimethyl-L-arginyl-[protein]"
"M_protres_arg__L_c","L-arginyl-[protein] "
"M_protres_arg__L_e","L-arginyl-[protein] "
"M_protres_asn__L_c","L-asparaginyl-[protein]"
"M_protres_asp__D_c","D-aspartyl-[protein]"
"M_protres_asp__L_c","L-aspartyl-[protein]"
"M_protres_aspmeo__D_c","[protein]-D-aspartate beta-methyl ester"
"M_protres_cys__L_c","L-cysteinyl-[protein]"
"M_protres_frulys_c","N6-(D-fructosyl)-L-lysyl-[protein]"
"M_protres_frulys3p_c","N6-(3-O-phospho-D-fructosyl)-L-lysyl-[protein]"
"M_protres_frulys6p_c","N6-(6-O-phospho-D-fructosyl)-L-lysyl-[protein]"
"M_protres_gln__L_c","L-glutaminyl-[protein]"
"M_protres_glu__L_c","L-glutamyl-[protein]"
"M_protres_glu5meo__L_c","[protein]-L-glutamate 5-O-methyl ester"
"M_protres_gludpam_c","5-dopaminyl-L-glutamyl-[protein]"
"M_protres_gluhista_c","5-histaminyl-L-glutamyl-[protein]"
"M_protres_glunpphr_c","5-(R)-noradrenalinyl-L-glutamyl-[protein]"
"M_protres_glusrtn_c","5-serotonyl-L-glutamyl-[protein]"
"M_protres_his__L_c","L-histidyl-[protein]"
"M_protres_hxdcacys_c","S-hexadecanoyl-L-cysteinyl-[protein]"
"M_protres_isoasp__D_c","[protein]-D-isoaspartate"
"M_protres_isoasp__L_c","[protein]-L-isoaspartate"
"M_protres_isoaspmeo__L_c","[protein]-L-isoaspartate alpha-methyl ester"
"M_protres_lacarg_c","N(omega)-(1-hydroxy-2-oxopropyl)-L-arginyl-[protein]"
"M_protres_laccys_c","S-(1-hydroxy-2-oxopropyl)-L-cysteinyl-[protein]"
"M_protres_laclys_c","N6-(1-hydroxy-2-oxopropyl)-L-lysyl-[protein]"
"M_protres_lys__L_c","L-lysyl-[protein]"
"M_protres_lysglu_protres_c","[protein]-L-lysyl-N6-5-L-glutamyl-[protein]"
"M_protres_met__L_c","L-methionyl-[protein]"
"M_protres_metSox__SL_c","L-methionyl-(S)-S-oxide-[protein]"
"M_protres_mmarg__L_c","N(omega)-methyl-L-arginyl-[protein]"
"M_protres_Nproshispi_c","N(pros)-phospho-L-histidyl-[protein]"
"M_protres_Ntelehispi_c","N(tele)-phospho-L-histidyl-[protein]"
"M_protres_Nwadpribarg__L_e","Nomega-(ADP-D-ribosyl)-L-arginyl-[protein]"
"M_protres_oadpribser_c","O-(ADP-D-ribosyl)-L-seryl-[protein]"
"M_protres_ocdcacys_c","S-octadecanoyl-L-cysteinyl-[protein]"
"M_protres_pepproW0_c","[protein]-peptidylproline (omega=0)"
"M_protres_pepproW180_c","[protein]-peptidylproline (omega=180)"
"M_protres_rbllys_c","N6-D-ribulosyl-L-lysyl-[protein]"
"M_protres_rbllys3p_c","N6-(3-O-phospho-D-ribulosyl)-L-lysyl-[protein]"
"M_protres_rbllys5p_c","N6-(5-O-phospho-D-ribulosyl)-L-lysyl-[protein]"
"M_protres_sadpribcys_c","S-(ADP-D-ribosyl)-L-cysteinyl-[protein]"
"M_protres_sdmarg__L_c","Symmetrical dimethyl-L-arginyl-[protein]"
"M_protres_ser__L_c","L-seryl-[protein]"
"M_protres_ser3oacgam_c","3-O-(N-acetyl-beta-D-glucosaminyl)-L-seryl-[protein]"
"M_protres_serpi_c","O-phospho-L-seryl-[protein]"
"M_protres_serTAg_c","T-antigen (L-seryl-[protein])"
"M_protres_serTnAg_c","Tn-antigen (L-seryl-[protein])"
"M_protres_snocys__L_c","S-nitroso-L-cysteinyl-[protein]"
"M_protres_succlys_c","N6-succinyl-L-lysyl-[protein]"
"M_protres_sucim__D_c","[protein]-D-succinimide"
"M_protres_sucim__L_c","[protein]-L-succinimide"
"M_protres_thr__L_c","L-threonyl-[protein]"
"M_protres_thr3oacgam_c","3-O-(N-acetyl-beta-D-glucosaminyl)-L-threonyl-[protein]"
"M_protres_thrpi_c","O-phospho-L-threonyl-[protein]"
"M_protres_thrTAg_c","T-antigen (L-threonyl-[protein])"
"M_protres_thrTnAg_c","Tn-antigen (L-threonyl-[protein])"
"M_protres_ttdcacys_c","S-tetradecanoyl-L-cysteinyl-[protein]"
"M_protres_tyr__L_c","L-tyrosyl-[protein]"
"M_protres_tyrpi_c","O-phospho-L-tyrosyl-[protein]"
"M_protrna_c","L-prolyl-tRNA(pro)"
"M_prpp_c","5-Phospho-alpha-D-ribose 1-diphosphate"
"M_ps_hs_c","PS"
"M_ps_hs_e","PS"
"M_pser__L_c","3-phosphoserine"
"M_psump_c","Pseudouridine monophosphate"
"M_psuri_c","Pseudouridine"
"M_pta_c","Pentanoate (FA 5:0)"
"M_pta_e","Pentanoate (FA 5:0)"
"M_ptrc_c","Putrescine"
"M_ptrc_e","Putrescine"
"M_ptth__R_c","(R)-Pantetheine"
"M_pyam5p_c","Pyridoxamine 5'-phosphate"
"M_pydam_c","Pyridoxamine"
"M_pydam_e","Pyridoxamine"
"M_pydx_c","Pyridoxal"
"M_pydx_e","Pyridoxal"
"M_pydx5p_c","Pyridoxal 5'-phosphate"
"M_pydx5p_e","Pyridoxal 5'-phosphate"
"M_pydxn_c","Pyridoxine"
"M_pydxn_e","Pyridoxine"
"M_pyr_c","Pyruvate"
"M_pyr_e","Pyruvate"
"M_pyrrl_c","1-pyrroline"
"M_q10_c","Ubiquinone"
"M_q10h_c","Ubisemiquinone"
"M_q10h2_c","Ubiquinol"
"M_qmp_c","Queuosine 5'-phosphate"
"M_que_c","Queuine"
"M_quln_c","quinolinate"
"M_r15bp_c","D-Ribose 1,5-bisphosphate"
"M_r1p_c","Alpha-D-Ribose 1-phosphate"
"M_r5p_c","Alpha-D-Ribose 5-phosphate"
"M_r5p_e","Alpha-D-Ribose 5-phosphate"
"M_rbl__D_c","D-ribulose"
"M_rblvrd_c","Reduced riboflavin"
"M_rbt_c","Ribitol"
"M_rbt_e","Ribitol"
"M_rbt5p_c","D-ribitol 5-phosphate"
"M_rbvcbxlt_c","Ribavirin carboxylate"
"M_rbvdp_c","Ribavirin diphosphate"
"M_rbvmp_c","Ribavirin monophosphate"
"M_rbvtp_c","Ribavirin triphosphate"
"M_retinal_11Z_c","11Z-retinal"
"M_retinal_13Z_c","13Z-retinal"
"M_retinal_9Z_c","9Z-retinal"
"M_retinal_c","Retinal"
"M_retinol_11Z_c","11Z-retinol"
"M_retinol_13Z_c","13Z-retinol"
"M_retinol_9Z_c","9Z-retinol"
"M_retinol_c","Retinol"
"M_retinol_e","retinol"
"M_retn_11Z_c","11Z-retinoate"
"M_retn_13Z_c","13Z-retinpate"
"M_retn_9Z_c","9Z-retinoate"
"M_retn_c","retinoate"
"M_rib__D_c","Ribose"
"M_rib__D_e","Ribose"
"M_ribavirin_c","RIbavirin"
"M_ribavirin_e","RIbavirin"
"M_ribflv_c","Riboflavin"
"M_ribflv_e","Riboflavin"
"M_rnam_c","N-ribosylnicotinamide"
"M_rnam_e","N-ribosylnicotinamide"
"M_rnamh_c","1-(beta-D-Ribofuranosyl)-1,4-dihydronicotinamide"
"M_rnamh_e","1-(beta-D-Ribofuranosyl)-1,4-dihydronicotinamide"
"M_ru5p__D_c","D-Ribulose 5-phosphate"
"M_s17bp_c","Sedoheptulose 1,7-bisphosphate"
"M_s7p_c","Sedoheptulose 7-phosphate"
"M_saica_c","5-amino-4-imidazole-N-succinocarboxamide riboside"
"M_saica_e","5-amino-4-imidazole-N-succinocarboxamide riboside"
"M_saicar_c","5-amino-4-imidazole-N-succinocarboxamide riboside 5'-monophosphate (S-ZMP)"
"M_sarcs_c","sarcosine"
"M_sarcs_e","sarcosine"
"M_sbt__D_c","D-Sorbitol"
"M_sbt__D_e","D-Sorbitol"
"M_sdhplse_c","Sedoheptulose"
"M_selahcys__L_c","L-adenosylselenohomocysteine"
"M_selamet__L_c","L-adenosylselenomethionine"
"M_selcys__L_c","L-selenocysteine"
"M_selcyst__L_c","L-selenocystathionine"
"M_seldigth_c","Selenodiglutathione"
"M_selgth_c","Glutathioselenol"
"M_selhcys__L_c","L-selenohomocysteine"
"M_selmet__L_c","L-selenomethionine"
"M_seln_c","selenide"
"M_seln_e","selenide"
"M_selni_c","selenite"
"M_selni_e","selenite"
"M_ser__L_c","L-serine"
"M_ser__L_e","L-serine"
"M_sertrna_c","L-seryl-tRNA(ser)"
"M_sforgth_c","S-Formylglutathione"
"M_sgthprostga1_c","S-(PGA1)-glutathione"
"M_sgthprostga1_e","S-(PGA1)-glutathione"
"M_sgthprostga2_c","S-(PGA2)-glutathione"
"M_sgthprostga2_e","S-(PGA2)-glutathione"
"M_sgthprostga3_c","S-(PGA3)-glutathione"
"M_sgthprostga3_e","S-(PGA3)-glutathione"
"M_sh1_c","Hydrosulfide anion"
"M_sh1_e","Hydrosulfide anion"
"M_slac__L_c","(S)-3-sulfolactate"
"M_slgth__R_c","(R)-S-Lactoylglutathione"
"M_smscys__L_c","Se-methylselenocysteine"
"M_snocoa_c","S-nitroso-coenzyme A"
"M_snocys__L_c","S-Nitroso-L-cysteine"
"M_snocys__L_e","S-Nitroso-L-cysteine"
"M_snoh2coa_c","sulfinamide-CoA"
"M_so2gth_c","Glutathione sulfinate"
"M_so3_c","Sulfite"
"M_so4_c","Sulfate"
"M_so4_e","Sulfate"
"M_sph1p_c","sphinganine-1-phosphate"
"M_sph1p_e","sphinganine-1-phosphate"
"M_sphgn_c","sphinganine"
"M_sphgn_e","sphinganine"
"M_sphings_c","Sphingosine  (SPB 18:1;O2)"
"M_sphings_e","Sphingosine  (SPB 18:1;O2)"
"M_sphmyln_hs_c","SM"
"M_sphmyln_hs_e","SM pool"
"M_sphs1p_c","Sphingosine-1-phosphate"
"M_sphs1p_e","sphingosine-1-phosphate"
"M_spmd_c","Spermidine"
"M_spmd_e","Spermidine"
"M_sppt_c","L-Sepiapterin"
"M_sppt_e","L-Sepiapterin"
"M_sprm_c","Spermine"
"M_sprm_e","Spermine"
"M_srdx1cgth_c","Sulfiredoxin (1-cys, glutathionyl)"
"M_srdx1crd_c","Sulfiredoxin (1-cys, reduced)"
"M_srtn_c","serotonin"
"M_srtn_e","serotonin"
"M_ssgth_c","S-sulfanylglutathione"
"M_sso2gth_c","Glutathione S-sulfinate"
"M_Ssq23epx_c","squalene 2,3-oxide"
"M_sucacetat_c","Succinyl-Acetoacetate"
"M_sucaceto_c","Succinylacetone"
"M_succ_c","Succinate"
"M_succ_e","succinate"
"M_succadn_c","Succinyladenosine"
"M_succamp_c","Adenylosuccinate"
"M_sucsal_c","succinate semialdehyde"
"M_tag_hs_c","TAG-VLDL pool"
"M_taur_c","taurine"
"M_taur_e","taurine"
"M_tchola_c","taurocholate"
"M_tchola_e","taurocholate"
"M_tdchola_c","taurochenodeoxycholate"
"M_tdchola_e","taurochenodeoxycholate"
"M_tdechola_c","taurodeoxycholate"
"M_tdechola_e","taurodeoxycholate"
"M_tetiodthy__L_c","3,3',5,5'-Tetraiodo-L-thyronine (T4)"
"M_tetiodthy__L_e","3,3',5,5'-Tetraiodo-L-thyronine (T4)"
"M_thbpt_c","Tetrahydrobiopterin"
"M_thbpt_e","Tetrahydrobiopterin"
"M_thbpt4acam_c","4a-hydroxy-L-erythro-5,6,7,8-tetrahydrobiopterin"
"M_thcrm_hs_c","globotriaosylceramide"
"M_thcys_c","Thiocysteine"
"M_thf_c","Tetrahydrofolate"
"M_thf_e","Tetrahydrofolate"
"M_thiogdp_c","6-thioguanosine diphosphate"
"M_thiogmp_c","6-thioguanosine monophosphate"
"M_thiogmp_e","6-thioguanosine monophosphate"
"M_thiogsn_c","thioguanosine"
"M_thiogtp_c","6-thioguanosine triphosphate"
"M_thiogua_c","6-thioguanine"
"M_thioimp_c","6-thioinosine monophosphate"
"M_thioimp_e","6-thioinosine monophosphate"
"M_thioxmp_c","6-thioxanthosine 5'-monophosphate"
"M_thioxmp_e","6-thioxanthosine 5'-monophosphate"
"M_thm_c","Thiamine"
"M_thm_e","Thiamine"
"M_thmmp_c","Thiamine monophosphate"
"M_thmmp_e","Thiamine monophosphate"
"M_thmpp_c","Thiamine diphosphate"
"M_thmtp_c","Thiamine triphosphate"
"M_thr__L_c","L-threonine"
"M_thr__L_e","L-threonine"
"M_thrnt__L_c","L-threonate"
"M_thrtl__L_c","L-threitol"
"M_thrtrna_c","L-threonyl-tRNA(thr)"
"M_thym_c","thymine"
"M_thym_e","thymine"
"M_thymd_c","thymidine"
"M_thymd_e","thymidine"
"M_trdxox_c","Thioredoxin disulfide"
"M_trdxrd_c","Thioredoxin dithiol"
"M_triaz3crbxam_c","1,2,4-triazole-3-carboxamide"
"M_triiodthy__L_c","3,5,3'-Triiodo-L-thyronine (T3)"
"M_triiodthy__L_e","3,5,3'-Triiodo-L-thyronine (T3)"
"M_trnaala_c","tRNA(ala)"
"M_trnaarg_c","tRNA(arg)"
"M_trnaasn_c","tRNA(asn)"
"M_trnaasp_c","tRNA(asp)"
"M_trnacys_c","tRNA(cys)"
"M_trnagln_c","tRNA(gln)"
"M_trnaglu_c","tRNA(glu)"
"M_trnagly_c","tRNA(gly)"
"M_trnahis_c","tRNA(his)"
"M_trnaile_c","tRNA(ile)"
"M_trnaleu_c","tRNA(leu)"
"M_trnalys_c","tRNA(lys)"
"M_trnamet_c","tRNA(met)"
"M_trnaphe_c","tRNA(phe)"
"M_trnapro_c","tRNA(pro)"
"M_trnaser_c","tRNA(ser)"
"M_trnathr_c","tRNA(thr)"
"M_trnatrp_c","tRNA(trp)"
"M_trnatyr_c","tRNA(tyr)"
"M_trnaval_c","tRNA(val)"
"M_trp__L_c","tryptophan"
"M_trp__L_e","L-tryptophan"
"M_trptrna_c","L-tryptophanyl-tRNA(trp)"
"M_tststerone_c","testosterone"
"M_tststerone_e","testosterone"
"M_ttdcaACP_c","tetradecanoyl-[ACP]"
"M_ttdceaACP_2E_c","(2E)-tetradecenoyl-[ACP]"
"M_tudchola_c","tauroursodeoxycholate"
"M_tudchola_e","tauroursodeoxycholate"
"M_tyr__L_c","L-tyrosine"
"M_tyr__L_e","L-tyrosine"
"M_tyrtrna_c","L-tyrosyl-tRNA(tyr)"
"M_tyrtyr_c","Tyrosyl-Tyrosine"
"M_tyrtyrtyr_c","L-tyrosyl-L-tyrosyl-L-tyrosine"
"M_uacgam_c","UDP-N-acetylglucosamine"
"M_ubiqSe1act_cys__L_c","S-ubiquitinyl-[E1 ubiquitin-activating enzyme]-L-cysteine"
"M_ubiqSe2conj_cys__L_c","S-ubiquitinyl-[E2 ubiquitin-conjugating enzyme]-L-cysteine"
"M_ubiquitin_c","ubiquitin"
"M_udp_c","UDP"
"M_udpacgal_c","UDP-N-acetyl-D-galactosamine"
"M_udpgal_c","UDP-galactose"
"M_udpglc__D_c","UDP-glucose"
"M_ump_c","UMP"
"M_upp1_c","Uroporphyrin I"
"M_upp1_e","Uroporphyrin I"
"M_upp3_c","Uroporphyrin III"
"M_upp3_e","Uroporphyrin III"
"M_uppg1_c","Uroporphyrinogen I"
"M_uppg3_c","Uroporphyrinogen III"
"M_ura_c","uracil"
"M_ura_e","uracil"
"M_urate_c","urate"
"M_urate_e","urate"
"M_urateooh_c","Urate hydroperoxide"
"M_urater_c","Urate radical"
"M_urcan_c","trans-urocanate"
"M_urea_c","Urea"
"M_urea_e","Urea"
"M_uri_c","Uridine"
"M_uri_e","Uridine"
"M_utp_c","UTP"
"M_val__L_c","valine"
"M_val__L_e","L-valine"
"M_valleu_c","L-valyl-L-leucine"
"M_valpro_c","L-valyl-L-proline"
"M_valtrna_c","L-valyl-tRNA(val)"
"M_valtyr_c","L-valyl-L-tyrosine"
"M_vanillac_c","Vanil-Lactate"
"M_vanillac_e","Vanil-Lactate"
"M_vanilpyr_c","Vanilpyruvic Acid"
"M_xan_c","Xanthine"
"M_xan_e","xanthine"
"M_xanthurn_c","Xanthurenate"
"M_xmp_c","Xanthosine 5'-phosphate"
"M_xolest2_hs_c","Cholesterol-ester pool"
"M_xtp_c","XTP"
"M_xtsn_c","Xanthosine"
"M_xu5p__D_c","D-Xylulose 5-phosphate"
"M_xyl__D_c","D-xylose"
"M_xyl__D_e","D-xylose"
"M_xylnt__L_c","L-xylonate"
"M_xylt_c","Xylitol"
"M_xylt_e","xylitol"
"M_xylu__D_c","D-Xylulose"
"M_xylu__D_e","D-xylulose"
"M_xylu__L_c","L-Xylulose"
"M_zn2_c","Zinc (II)"
"M_zn2_e","Zinc (II)"
"M_ztp_c","5-amino-4-imidazolecarboxamide riboside 5'-triphosphate (ZTP)"
"M_zymst_c","zymosterol"
"M_zymstnl_c","zymostenol"
