MixedName,UnmixedName,Metabolite,Proportion
(7Z-10Z-13Z-16Z-19Z)-Docosa-7-10-13-16-19-pentaenoic acid,(7Z-10Z-13Z-16Z-19Z)-Docosa-7-10-13-16-19-pentaenoic acid,FA_hs_22_7Z10Z13Z16Z19Z_c,1
(8Z-11Z-14Z)-Icosatrienoic acid,(8Z-11Z-14Z)-Icosatrienoic acid,FA_hs_20_8Z11Z14Z_c,1
2-3-Bisphosphoglycerate,2-3-Bisphosphoglycerate,23dpg_c,1
2-Hydroxyglutarate,2-Hydroxyglutarate,2hglut__L_c,1
2-Oxoglutarate,2-Oxoglutarate,akg_c,1
3-Methoxy-4-hydroxymandelate,3-Methoxy-4-hydroxymandelate,3mox4hoxm_c,1
3-Sulfino-L-alanine,3-Sulfino-L-alanine,3sala__L_c,1
4-Hydroxyphenylacetate,4-Hydroxyphenylacetate,4hphac_c,1
5-6-Dihydrouracil,5-6-Dihydrouracil,56dura_c,1
5-Hydroxyisourate,5-Hydroxyisourate,5hiu_c,1
5-Methylthioadenosine,5-Methylthioadenosine,5mta_c,1
5-Oxoproline,5-Oxoproline,5oxpro_c,1
6-Phospho-D-gluconate,6-Phospho-D-gluconate,6pgc_c,1
ADP,ADP,adp_c,1
ADP-D-ribose,ADP-D-ribose,adprib_c,1
AMP,AMP,amp_c,1
ATP,ATP,atp_c,1
Acetoacetate,Acetoacetate,acac_c,1
Acetylcarnitine,Acetylcarnitine,acrn_c,1
Adenine,Adenine,ade_c,1
Adenosine,Adenosine,adn_c,1
Adenylosuccinic acid,Adenylosuccinic acid,succamp_c,1
Allantoate,Allantoate,alltt_c,1
Ascorbate,Ascorbate,ascb__L_c,1
Asymmetric dimethyl arginine,Asymmetric dimethyl arginine,admarg__L_c,1
Bilirubin,Bilirubin,bilirub_c,1
Biliverdin,Biliverdin,biliverd_c,1
Carbamoyl phosphate,Carbamoyl phosphate,cbp_c,1
Citrate,Citrate,cit_c,1
Creatine,Creatine,creat_c,1
Creatinine,Creatinine,crtn_c,1
Cys-Gly,Cys-Gly,cysgly_c,1
Cystathionine,Cystathionine,cyst__L_c,1
D-4--Phosphopantothenate,D-4--Phosphopantothenate,4ppnto__R_c,1
D-Arabitol/Xylitol/Ribitol,D-Arabitol,abt__L_c,0.33
D-Arabitol/Xylitol/Ribitol,Xylitol,xylt_c,0.33
D-Arabitol/Xylitol/Ribitol,Ribitol,rbt_c,0.33
D-Erythrose 4-phosphate,D-Erythrose 4-phosphate,e4p_c,1
D-Fructose 1-6-bisphosphate,D-Fructose 1-6-bisphosphate,fdp_c,1
D-Glucono-1-5-lactone 6-phosphate,D-Glucono-1-5-lactone 6-phosphate,6pgl_c,1
D-Glucosamine,D-Glucosamine,gam_c,1
D-Glucose,D-Glucose,glc__D_c,1
D-Glyceraldehyde 3-phosphate/Glycerone phosphate,D-Glyceraldehyde 3-phosphate,g3p_c,0.5
D-Glyceraldehyde 3-phosphate/Glycerone phosphate,Glycerone phosphate,dhap_c,0.5
D-Hexose-phosphate,D-Hexose-phosphate,g6p_c,1
D-Rhamnose,D-Rhamnose,fuc__L,1
Decanoic acid,Decanoic acid,FA_hs_10_0_c,1
Decanoylcarnitine,Decanoylcarnitine,FAcrn_hs_10_0_c,1
Dehydroascorbate,Dehydroascorbate,dhdascb__L_c,1
Dimethylglycine,Dimethylglycine,dmgly_c,1
Diphosphate,Diphosphate,ppi_c,1
Docosahexaenoic acid,Docosahexaenoic acid,FA_hs_22_4Z7Z10Z13Z16Z19Z_c,1
Dodecanedioylcarnitine,Dodecanedioylcarnitine,FAcrn_12_DC_c,1
Dodecanoic acid,Dodecanoic acid,FA_hs_12_0_c,1
Dodecanoylcarnitine,Dodecanoylcarnitine,FAcrn_hs_12_0_c,1
Dodecenoylcarnitine,Dodecenoylcarnitine,FAcrn_hs_12_2E_c,1
Dopamine,Dopamine,dpam__L_c,1
Dopaquinone,Dopaquinone,dopaqn__L_c,1
Eicosapentaenoic acid,Eicosapentaenoic acid,FA_hs_20_5Z8Z11Z14Z17Z_c,1
Eicosatetraenoic acid,Eicosatetraenoic acid,FA_hs_20_5Z8Z11Z14Z_c,1
Fumarate,Fumarate,fum_c,1
GDP,GDP,gdp_c,1
GMP,GMP,gmp_c,1
Glucoronate/Galacturonate/Fructuronate/Iduronate/Mannuronate,Glucoronate,glcur_c,0.2
Glutathione,Glutathione,gthrd_c,1
Glutathione disulfide,Glutathione disulfide,gthox_c,1
Glycerol 3-phosphate,Glycerol 3-phosphate,glyc3p_c,1
Glycolate,Glycolate,glyclt_c,1
Guanidinoacetate,Guanidinoacetate,gudac_c,1
Guanine,Guanine,gua_c,1
Guanosine,Guanosine,gsn_c,1
HETE,HETE,dihete1112_c,1
HODE,HODE,hode13_c,1
HPETE/Leukotriene B4,Leukotriene B4,leuktrB4_c,0.5
HPETE/Leukotriene B4,HPETE,hpete11_c,0.5
Hemine,Hemine,hematin_c,1
Hexadecadienoylcarnitine,Hexadecadienoylcarnitine,FAcrn_hs_16_7E10Z3OH__S_c,1
Hexadecenoic acid,Hexadecenoic acid,FA_hs_16_9Z_c,1
Hexadecenoyl carnitine,Hexadecenoyl carnitine,FAcrn_hs_16_0_c,1
Hexanoylcarnitine,Hexanoylcarnitine,FAcoa_hs_6_3OH__S_c,1
Homovanillate,Homovanillate,homoval_c,1
Hydroxydecanoyl carnitine,Hydroxydecanoyl carnitine,FAcrn_hs_10_3OH__S_c,1
Hydroxyhexadecanoyl carnitine,Hydroxyhexadecanoyl carnitine,FAcrn_hs_16_0_c,1
Hydroxyhexadecenoylcarnitine,Hydroxyhexadecenoylcarnitine,FAcrn_hs_16_3OH__S_c,1
Hydroxyisovaleroyl carnitine,Hydroxyisovaleroyl carnitine,FAcrn_5_3M3OH__S_c,1
Hydroxyoctadecenoylcarnitine,Hydroxyoctadecenoylcarnitine,FAcrn_hs_18_3OH__S_c,1
Hydroxytetradecenoylcarnitine,Hydroxytetradecenoylcarnitine,FAcrn_hs_14_3OH__S_c,1
Hypoxanthine,Hypoxanthine,hxan_c,1
IMP,IMP,imp_c,1
Indole,Indole,4sgth56dhi_c,1
Indole-3-acetate,Indole-3-acetate,ind3ac_c,1
Indole-5-6-quinone,Indole-5-6-quinone,ind56qn_c,1
Isobutyryl-L-carnitine,Isobutyryl-L-carnitine,FAcrn_4_2M_c,1
Kynurenic acid,Kynurenic acid,kynate_c,1
Kynurenine,Kynurenine,kynr__L_c,1
L-Carnitine,L-Carnitine,crn_c,1
L-Citrulline,L-Citrulline,citr__L_c,1
L-Metanephrine,L-Metanephrine,mepi__L_c,1
L-Methionine S-oxide,L-Methionine S-oxide,metSox__SL_c,1
L-alanine,L-alanine,ala__L_c,1
L-arginine,L-arginine,arg__L_c,1
L-asparagine,L-asparagine,asn__L_c,1
L-aspartate,L-aspartate,asp__L_c,1
L-cysteine,L-cysteine,cys__L_c,1
L-cystine,L-cystine,cysi__L_c,1
L-glutamate,L-glutamate,glu__L_c,1
L-glutamine,L-glutamine,gln__L_c,1
L-histidine,L-histidine,his__L_c,1
L-leucine/isoleucine,L-leucine,leu__L_c,0.5
L-lysine,L-lysine,lys__L_c,1
L-methionine,L-methionine,met__L_c,1
L-phenylalanine,L-phenylalanine,phe__L_c,1
L-proline,L-proline,pro__L_c,1
L-serine,L-serine,ser__L_c,1
L-threonine,L-threonine,thr__L_c,1
L-tryptophan,L-tryptophan,trp__L_c,1
L-tyrosine,L-tyrosine,tyr__L_c,1
L-valine,L-valine,val__L_c,1
Lactate,Lactate,lac__L_c,1
Leukotriene A4,Leukotriene A4,leuktrA4_c,1
Leukotriene C4,Leukotriene C4,leuktrC4_c,1
Malate,Malate,mal__L_c,1
Mannitol/Sorbitol/Glucitol/Iditol,Glucitol,sbt__D_c,0.25
Mannitol/Sorbitol/Glucitol/Iditol,Iditol,iditol__D_c,0.25
Mannitol/Sorbitol/Glucitol/Iditol,Sorbitol,sbt__D_c,0.25
N-Acetyl-L-leucine,N-Acetyl-L-leucine,N_acleu__L_c,1
N-Acetylmethionine,N-Acetylmethionine,acmet__L_c,1
N-Acetylneuraminate,N-Acetylneuraminate,cmpacna_c,1
N-acetyl-D-glucosamine,N-acetyl-D-glucosamine,acgam_c,1
N-formyl kynurenine,N-formyl kynurenine,Lfmkynr_c,1
N1-Acetylspermidine,N1-Acetylspermidine,N1aspmd_c,1
N1-Acetylspermine,N1-Acetylspermine,N1sprm_c,1
NAD+,NAD+,nad_c,1
Nicotinamide,Nicotinamide,ncam_c,1
Octadecadienoic acid,Octadecadienoic acid,FA_hs_18_9Z12Z_c,1
Octadecatrienoic acid,Octadecatrienoic acid,FA_hs_18_9Z12Z15Z_c,1
Octadecenoic acid,Octadecenoic acid,FA_hs_18_9Z_c,1
Octadecenylcarnitine,Octadecenylcarnitine,FAcrn_hs_18_0_c,1
Octanoic acid,Octanoic acid,octa_c,1
Octanoylcarnitine,Octanoylcarnitine,FAcrn_hs_8_0_c,1
Octenoylcarnitine,Octenoylcarnitine,FAcrn_hs_8_2E_c,1
Ornithine,Ornithine,orn__L_c,1
Oxaloacetate,Oxaloacetate,oaa_c,1
Palmitoylcarnitine,Palmitoylcarnitine,FAcrn_hs_16_0_c,1
Pantothenate,Pantothenate,pnto__R_c,1
Phosphate,Phosphate,pi_c,1
Phosphocreatine,Phosphocreatine,pcreat_c,1
Phosphoenolpyruvate,Phosphoenolpyruvate,pep_c,1
Phosphoserine,Phosphoserine,pser__L_c,1
Propionate,Propionate,ppa_c,1
Prostaglandin A2/B2,Prostaglandin A2,prostga2_c,0.5
Prostaglandin D2/E2//Thromboxane A2,Prostaglandin D2,prostgd2_c,0.33
Prostaglandin D2/E2//Thromboxane A3,Prostaglandin E2,prostge2_c,0.33
Prostaglandin E3/D3,Prostaglandin E3,prostge3_c,0.5
Prostaglandin F2alpha/beta/D1,Prostaglandin F2alpha,prostgf2_c,0.33
Putrescine,Putrescine,ptrc_c,1
Pyridoxal,Pyridoxal,pydx_c,1
Pyridoxamine 5'-phosphate,Pyridoxamine 5'-phosphate,pyam5p_c,1
Pyruvate,Pyruvate,pyr_c,1
Riboflavin,Riboflavin,ribflv_c,1
Ribose/Ribulose/Arabinose/Xylose/Xylulose,Arabinose,arab__L_c,0.2
Ribose/Ribulose/Arabinose/Xylose/Xylulose,Ribose,rib__D_c,0.2
Ribose/Ribulose/Arabinose/Xylose/Xylulose,Ribulose,rbl__D_c,0.2
Ribose/Ribulose/Arabinose/Xylose/Xylulose,Xylose,xyl__D_c,0.2
S-Adenosyl-L-homocysteine,S-Adenosyl-L-homocysteine,ahcys__L_c,1
S-Adenosyl-L-methionine,S-Adenosyl-L-methionine,amet__L_c,1
Sedoheptulose 7-phosphate,Sedoheptulose 7-phosphate,s7p_c,1
Serotonin,Serotonin,srtn_c,1
Spermidine,Spermidine,spmd_c,1
Spermine,Spermine,sprm_c,1
Sphingosine 1-phosphate,Sphingosine 1-phosphate,sphs1p_c,1
Stearidonyl carnitine,Stearidonyl carnitine,FAcrn_hs_18_6Z9Z12Z15Z_c,1
Stearoylcarnitine,Stearoylcarnitine,FAcrn_hs_18_0_c,1
Succinate,Succinate,succ_c,1
Taurine,Taurine,taur_c,1
Tetracosatetraenoyl carnitine,Tetracosatetraenoyl carnitine,FAcrn_hs_24_12Z15Z18Z21Z_c,1
Tetradecanoic acid,Tetradecanoic acid,FA_hs_14_0_c,1
Tetradecanoylcarnitine,Tetradecanoylcarnitine,FAcrn_hs_14_0_c,1
Tetradecenoylcarnitine,Tetradecenoylcarnitine,FAcrn_hs_14_2E_c,1
Tiglylcarnitine,Tiglylcarnitine,FAcrn_5_2E2M_c,1
UDP,UDP,udp_c,1
UDP-N-acetyl-D-glucosamine,UDP-N-acetyl-D-glucosamine,uacgam_c,1
UDP-glucose,UDP-glucose,udpglc__D_c,1
UMP,UMP,ump_c,1
UTP,UTP,utp_c,1
Urate,Urate,urate_c,1
Valerylcarnitine,Valerylcarnitine,FAcrn_5_3M3OH__S_c,1
Xanthine,Xanthine,xan_c,1
gamma-L-Glutamyl-L-cysteine,gamma-L-Glutamyl-L-cysteine,gglucys__L_c,1
glycine,glycine,gly_c,1
sn-glycero-3-Phosphocholine,sn-glycero-3-Phosphocholine,g3pc_c,1
sn-glycero-3-Phosphoethanolamine,sn-glycero-3-Phosphoethanolamine,g3pe_c,1